2014-08-01 00:00:00,40.729,-73.9422,B02598
2014-08-01 00:00:00,40.7476,-73.9871,B02598
2014-08-01 00:00:00,40.7424,-74.0044,B02598
2014-08-01 00:00:00,40.751,-73.9869,B02598
2014-08-01 00:00:00,40.7406,-73.9902,B02598
2014-08-01 00:00:00,40.6994,-73.9591,B02617
2014-08-01 00:00:00,40.6917,-73.9398,B02617
2014-08-01 00:00:00,40.7063,-73.9223,B02617
2014-08-01 00:00:00,40.6759,-74.0168,B02617
2014-08-01 00:00:00,40.7617,-73.9847,B02617
2014-08-01 00:00:00,40.6969,-73.9064,B02617
2014-08-01 00:00:00,40.7623,-73.9751,B02617
2014-08-01 00:00:00,40.6982,-73.9669,B02617
2014-08-01 00:00:00,40.7553,-73.9253,B02617
2014-08-01 00:00:00,40.7325,-73.9876,B02682
2014-08-01 00:00:00,40.6754,-74.017,B02682
2014-08-01 00:00:00,40.7303,-74.0029,B02682
2014-08-01 00:00:00,40.7218,-73.9973,B02682
2014-08-01 00:00:00,40.7134,-74.0091,B02682
2014-08-01 00:00:00,40.7194,-73.9964,B02682
2014-08-01 00:00:00,40.762,-73.983,B02682
2014-08-01 00:00:00,40.3495,-74.0667,B02682
2014-08-01 00:00:00,40.3495,-74.0667,B02682
2014-08-01 00:01:00,40.6906,-73.9933,B02598
2014-08-01 00:01:00,40.7052,-74.0094,B02598
2014-08-01 00:01:00,40.7108,-73.9679,B02598
2014-08-01 00:01:00,40.7403,-74.0081,B02598
2014-08-01 00:01:00,40.7073,-74.0054,B02598
2014-08-01 00:01:00,40.7686,-73.9697,B02598
2014-08-01 00:01:00,40.7468,-74.0024,B02617
2014-08-01 00:01:00,40.7341,-73.989,B02617
2014-08-01 00:01:00,40.742,-74.0041,B02617
2014-08-01 00:01:00,40.7633,-73.9891,B02617
2014-08-01 00:01:00,40.6447,-73.782,B02617
2014-08-01 00:01:00,40.7484,-73.9845,B02682
2014-08-01 00:01:00,40.7752,-73.9634,B02682
2014-08-01 00:01:00,40.6718,-73.9522,B02682
2014-08-01 00:01:00,40.7552,-73.9724,B02682
2014-08-01 00:02:00,40.705,-73.9204,B02598
2014-08-01 00:02:00,40.6453,-73.7803,B02598
2014-08-01 00:02:00,40.7407,-74.0077,B02598
2014-08-01 00:02:00,40.7036,-73.9895,B02598
2014-08-01 00:02:00,40.8656,-73.9274,B02598
2014-08-01 00:02:00,40.7199,-74.0055,B02598
2014-08-01 00:02:00,40.6123,-73.956,B02598
2014-08-01 00:02:00,40.759,-73.9682,B02598
2014-08-01 00:02:00,40.7236,-73.9913,B02617
2014-08-01 00:02:00,40.7151,-73.9666,B02682
2014-08-01 00:02:00,40.7642,-73.9103,B02682
2014-08-01 00:03:00,40.7366,-73.9906,B02512
2014-08-01 00:03:00,40.7524,-73.9858,B02598
2014-08-01 00:03:00,40.6863,-74.0011,B02598
2014-08-01 00:03:00,40.6969,-73.9064,B02598
2014-08-01 00:03:00,40.779,-73.9565,B02598
2014-08-01 00:03:00,40.6748,-73.9815,B02598
2014-08-01 00:03:00,40.7231,-73.8529,B02598
2014-08-01 00:03:00,40.7423,-74.0042,B02598
2014-08-01 00:03:00,40.7488,-73.9868,B02617
2014-08-01 00:03:00,40.7331,-73.9598,B02617
2014-08-01 00:03:00,40.7133,-73.9414,B02617
2014-08-01 00:03:00,40.6701,-73.9899,B02617
2014-08-01 00:03:00,40.7574,-73.9668,B02617
2014-08-01 00:03:00,40.7364,-74.0301,B02617
2014-08-01 00:03:00,40.7605,-73.9757,B02682
2014-08-01 00:03:00,40.7405,-74.0057,B02682
2014-08-01 00:03:00,40.742,-73.9851,B02682
2014-08-01 00:03:00,40.7255,-74.0061,B02682
2014-08-01 00:03:00,40.8215,-73.9448,B02682
2014-08-01 00:04:00,40.7325,-74.0036,B02598
2014-08-01 00:04:00,40.7213,-73.9946,B02598
2014-08-01 00:04:00,40.7272,-73.9917,B02598
2014-08-01 00:04:00,40.6818,-73.9665,B02598
2014-08-01 00:04:00,40.753,-73.9787,B02598
2014-08-01 00:04:00,40.7644,-73.9555,B02617
2014-08-01 00:04:00,40.7359,-73.98,B02617
2014-08-01 00:04:00,40.7047,-73.9349,B02617
2014-08-01 00:04:00,40.7279,-74.0059,B02617
2014-08-01 00:04:00,40.7279,-74.0059,B02617
2014-08-01 00:04:00,40.7271,-73.9915,B02617
2014-08-01 00:04:00,40.7209,-73.9977,B02682
2014-08-01 00:04:00,40.7398,-74.0062,B02764
2014-08-01 00:05:00,40.7247,-73.9957,B02598
2014-08-01 00:05:00,40.7192,-73.963,B02598
2014-08-01 00:05:00,40.7193,-74.0104,B02617
2014-08-01 00:05:00,40.7352,-73.9921,B02617
2014-08-01 00:05:00,40.7613,-73.9905,B02617
2014-08-01 00:05:00,40.7524,-73.9933,B02617
2014-08-01 00:05:00,40.6834,-73.9966,B02682
2014-08-01 00:06:00,40.7138,-73.9942,B02598
2014-08-01 00:06:00,40.747,-73.9935,B02598
2014-08-01 00:06:00,40.7185,-73.9892,B02598
2014-08-01 00:06:00,40.7226,-74.0034,B02598
2014-08-01 00:06:00,40.7304,-74.0001,B02598
2014-08-01 00:06:00,40.7304,-74.0001,B02598
2014-08-01 00:06:00,40.7138,-73.9941,B02598
2014-08-01 00:06:00,40.7069,-73.9505,B02598
2014-08-01 00:06:00,40.733,-73.9875,B02598
2014-08-01 00:06:00,40.7577,-73.9619,B02617
2014-08-01 00:06:00,40.7625,-73.9805,B02617
2014-08-01 00:06:00,40.7556,-73.9871,B02617
2014-08-01 00:06:00,40.7489,-73.9777,B02617
2014-08-01 00:06:00,40.6457,-73.7767,B02617
2014-08-01 00:06:00,40.7063,-74.0095,B02617
2014-08-01 00:06:00,40.7638,-73.9589,B02617
2014-08-01 00:06:00,40.7268,-73.9474,B02617
2014-08-01 00:06:00,40.7672,-73.953,B02617
2014-08-01 00:06:00,40.6483,-73.7825,B02617
2014-08-01 00:06:00,40.7267,-73.9997,B02617
2014-08-01 00:06:00,40.8321,-73.944,B02682
2014-08-01 00:06:00,40.7309,-74.0014,B02682
2014-08-01 00:06:00,40.7573,-73.9896,B02682
2014-08-01 00:06:00,40.7573,-73.9896,B02682
2014-08-01 00:07:00,40.7608,-73.9834,B02598
2014-08-01 00:07:00,40.7405,-74.0077,B02598
2014-08-01 00:07:00,40.7136,-74.0101,B02598
2014-08-01 00:07:00,40.7952,-73.9634,B02598
2014-08-01 00:07:00,40.7215,-73.9877,B02617
2014-08-01 00:07:00,40.7478,-74.0047,B02617
2014-08-01 00:07:00,40.7326,-73.9969,B02682
2014-08-01 00:07:00,40.8115,-73.9544,B02682
2014-08-01 00:08:00,40.7259,-73.9897,B02598
2014-08-01 00:08:00,40.7485,-73.9887,B02598
2014-08-01 00:08:00,40.6373,-73.9786,B02598
2014-08-01 00:08:00,40.7421,-74.0046,B02617
2014-08-01 00:08:00,40.7218,-73.9792,B02617
2014-08-01 00:08:00,40.7646,-73.9832,B02617
2014-08-01 00:08:00,40.7339,-73.991,B02617
2014-08-01 00:08:00,40.6484,-73.7823,B02617
2014-08-01 00:08:00,40.7356,-74.0083,B02617
2014-08-01 00:08:00,41.0019,-74.0405,B02617
2014-08-01 00:08:00,40.7577,-73.9715,B02617
2014-08-01 00:08:00,40.7235,-73.8501,B02682
2014-08-01 00:08:00,40.7414,-73.9865,B02682
2014-08-01 00:08:00,40.7406,-74.0086,B02682
2014-08-01 00:08:00,40.8004,-73.9519,B02682
2014-08-01 00:08:00,40.7322,-73.9847,B02682
2014-08-01 00:09:00,40.726,-73.9918,B02512
2014-08-01 00:09:00,40.7113,-73.9465,B02598
2014-08-01 00:09:00,40.7406,-74.0056,B02598
2014-08-01 00:09:00,40.7447,-73.9808,B02598
2014-08-01 00:09:00,40.7308,-73.983,B02598
2014-08-01 00:09:00,40.6829,-73.9767,B02617
2014-08-01 00:09:00,40.7265,-73.9833,B02617
2014-08-01 00:09:00,40.7132,-73.9585,B02617
2014-08-01 00:09:00,40.8029,-73.9654,B02682
2014-08-01 00:10:00,40.7633,-73.9737,B02598
2014-08-01 00:10:00,40.706,-74.0085,B02598
2014-08-01 00:10:00,40.7311,-73.9594,B02598
2014-08-01 00:10:00,40.7137,-74.0088,B02598
2014-08-01 00:10:00,40.7187,-73.9402,B02617
2014-08-01 00:10:00,40.7125,-74.0079,B02617
2014-08-01 00:10:00,40.7676,-73.9174,B02617
2014-08-01 00:10:00,40.7115,-73.9669,B02617
2014-08-01 00:10:00,40.7094,-74.0139,B02682
2014-08-01 00:10:00,40.7492,-73.9833,B02682
2014-08-01 00:10:00,40.7741,-73.9132,B02682
2014-08-01 00:10:00,40.7107,-73.9365,B02764
2014-08-01 00:11:00,40.718,-73.996,B02598
2014-08-01 00:11:00,40.722,-74.0042,B02598
2014-08-01 00:11:00,40.7432,-73.98,B02598
2014-08-01 00:11:00,40.7036,-73.9348,B02598
2014-08-01 00:11:00,40.7311,-73.9594,B02617
2014-08-01 00:11:00,40.7141,-73.9494,B02617
2014-08-01 00:11:00,40.7559,-73.9689,B02617
2014-08-01 00:11:00,40.7479,-73.9853,B02617
2014-08-01 00:11:00,40.8465,-74.0866,B02617
2014-08-01 00:11:00,40.7386,-74.0097,B02617
2014-08-01 00:11:00,40.7444,-73.9804,B02617
2014-08-01 00:11:00,40.6905,-73.9588,B02682
2014-08-01 00:11:00,40.7515,-74.0032,B02682
2014-08-01 00:11:00,40.7499,-73.9521,B02682
2014-08-01 00:11:00,40.7211,-73.9879,B02682
2014-08-01 00:11:00,40.7672,-73.9821,B02682
2014-08-01 00:11:00,40.7263,-74.0022,B02682
2014-08-01 00:12:00,40.7209,-74.0507,B02512
2014-08-01 00:12:00,40.7387,-73.9856,B02512
2014-08-01 00:12:00,40.7323,-74.0077,B02512
2014-08-01 00:12:00,40.7184,-73.9901,B02598
2014-08-01 00:12:00,40.6713,-73.9568,B02598
2014-08-01 00:12:00,40.7198,-74.0058,B02598
2014-08-01 00:12:00,40.7105,-74.0093,B02598
2014-08-01 00:12:00,40.8193,-73.9451,B02617
2014-08-01 00:12:00,40.7527,-73.9409,B02617
2014-08-01 00:12:00,40.7211,-73.9879,B02617
2014-08-01 00:12:00,40.7475,-74.0082,B02617
2014-08-01 00:12:00,40.7475,-74.0082,B02617
2014-08-01 00:12:00,40.7385,-73.9853,B02682
2014-08-01 00:12:00,40.7558,-73.9646,B02682
2014-08-01 00:12:00,40.7578,-73.9734,B02682
2014-08-01 00:12:00,40.7452,-73.9922,B02682
2014-08-01 00:13:00,40.7349,-74.0033,B02512
2014-08-01 00:13:00,40.6437,-73.7897,B02598
2014-08-01 00:13:00,40.7226,-73.9799,B02598
2014-08-01 00:13:00,40.7178,-74.003,B02617
2014-08-01 00:13:00,40.7573,-73.9669,B02617
2014-08-01 00:13:00,40.7165,-73.9658,B02617
2014-08-01 00:13:00,40.7615,-73.9235,B02682
2014-08-01 00:13:00,40.6751,-73.9682,B02682
2014-08-01 00:13:00,40.7421,-73.9855,B02682
2014-08-01 00:13:00,41.0281,-73.7209,B02682
2014-08-01 00:13:00,40.7421,-74.004,B02682
2014-08-01 00:13:00,40.8072,-73.946,B02682
2014-08-01 00:13:00,40.734,-73.9992,B02682
2014-08-01 00:14:00,40.7274,-73.9915,B02598
2014-08-01 00:14:00,40.7757,-73.9549,B02598
2014-08-01 00:14:00,40.7188,-73.9397,B02617
2014-08-01 00:14:00,40.7343,-74.0029,B02617
2014-08-01 00:14:00,40.7616,-73.9257,B02617
2014-08-01 00:14:00,40.7431,-74.0042,B02617
2014-08-01 00:14:00,40.766,-73.9695,B02617
2014-08-01 00:14:00,40.7346,-74.0007,B02682
2014-08-01 00:14:00,40.7885,-73.9769,B02682
2014-08-01 00:14:00,40.7643,-73.9828,B02682
2014-08-01 00:14:00,40.7134,-73.9621,B02682
2014-08-01 00:14:00,40.7557,-73.9807,B02682
2014-08-01 00:14:00,40.7525,-73.9388,B02682
2014-08-01 00:15:00,40.7279,-73.9542,B02512
2014-08-01 00:15:00,40.7655,-73.9821,B02598
2014-08-01 00:15:00,40.7111,-74.0054,B02598
2014-08-01 00:15:00,40.7221,-74.0041,B02598
2014-08-01 00:15:00,40.7395,-73.9899,B02598
2014-08-01 00:15:00,40.745,-73.9882,B02598
2014-08-01 00:15:00,40.7535,-73.9721,B02598
2014-08-01 00:15:00,40.7223,-73.9887,B02598
2014-08-01 00:15:00,40.7477,-73.9871,B02617
2014-08-01 00:15:00,40.6993,-73.9107,B02617
2014-08-01 00:15:00,40.6938,-73.9873,B02617
2014-08-01 00:15:00,40.709,-74.0021,B02617
2014-08-01 00:15:00,40.7223,-73.95,B02617
2014-08-01 00:15:00,40.7237,-73.9821,B02617
2014-08-01 00:15:00,40.7562,-73.9942,B02617
2014-08-01 00:15:00,40.7405,-74.0064,B02617
2014-08-01 00:15:00,40.7405,-74.0064,B02617
2014-08-01 00:15:00,40.744,-73.9892,B02617
2014-08-01 00:15:00,40.8548,-73.9358,B02682
2014-08-01 00:16:00,40.7468,-73.9935,B02598
2014-08-01 00:16:00,40.8339,-73.9448,B02598
2014-08-01 00:16:00,40.7433,-73.9938,B02598
2014-08-01 00:16:00,40.7406,-74.0046,B02598
2014-08-01 00:16:00,40.7334,-74.003,B02617
2014-08-01 00:16:00,40.6861,-73.9808,B02617
2014-08-01 00:16:00,40.6613,-73.9241,B02617
2014-08-01 00:16:00,40.7547,-73.9869,B02617
2014-08-01 00:16:00,40.7624,-73.9263,B02617
2014-08-01 00:16:00,40.7272,-73.9915,B02617
2014-08-01 00:16:00,40.7174,-73.9454,B02682
2014-08-01 00:16:00,40.6989,-73.9347,B02682
2014-08-01 00:16:00,40.6762,-73.9708,B02682
2014-08-01 00:16:00,40.7536,-73.9805,B02682
2014-08-01 00:16:00,40.7185,-73.957,B02682
2014-08-01 00:17:00,40.721,-73.9937,B02512
2014-08-01 00:17:00,40.7231,-74.0009,B02598
2014-08-01 00:17:00,40.7655,-73.982,B02598
2014-08-01 00:17:00,40.7143,-74.0102,B02617
2014-08-01 00:17:00,40.77,-73.9614,B02617
2014-08-01 00:17:00,40.6843,-74.0026,B02617
2014-08-01 00:17:00,40.7569,-73.9884,B02617
2014-08-01 00:17:00,40.7171,-73.9465,B02617
2014-08-01 00:17:00,40.74,-74.0054,B02682
2014-08-01 00:17:00,40.7119,-74.0076,B02682
2014-08-01 00:17:00,40.7454,-73.9891,B02682
2014-08-01 00:17:00,40.7376,-73.9805,B02682
2014-08-01 00:17:00,40.6469,-73.7895,B02682
2014-08-01 00:18:00,40.7583,-73.9346,B02598
2014-08-01 00:18:00,40.7583,-73.9346,B02598
2014-08-01 00:18:00,40.6758,-74.0169,B02598
2014-08-01 00:18:00,40.7622,-73.9965,B02598
2014-08-01 00:18:00,40.6516,-73.9523,B02598
2014-08-01 00:18:00,40.6903,-73.9156,B02617
2014-08-01 00:18:00,40.7193,-73.9939,B02617
2014-08-01 00:18:00,40.7136,-73.9619,B02617
2014-08-01 00:18:00,40.753,-73.9797,B02617
2014-08-01 00:18:00,40.8537,-73.7903,B02617
2014-08-01 00:18:00,40.7441,-73.9879,B02617
2014-08-01 00:18:00,40.7139,-73.994,B02617
2014-08-01 00:18:00,40.7645,-73.9958,B02617
2014-08-01 00:18:00,40.7601,-73.9888,B02682
2014-08-01 00:18:00,40.7065,-74.0053,B02682
2014-08-01 00:19:00,40.7195,-74.006,B02512
2014-08-01 00:19:00,40.746,-73.9886,B02598
2014-08-01 00:19:00,40.7635,-73.9752,B02598
2014-08-01 00:19:00,41.0574,-74.1427,B02598
2014-08-01 00:19:00,40.7644,-73.9875,B02598
2014-08-01 00:19:00,40.7491,-74.0304,B02617
2014-08-01 00:19:00,40.7491,-74.0304,B02617
2014-08-01 00:19:00,40.7212,-73.9815,B02617
2014-08-01 00:19:00,40.7637,-73.9746,B02617
2014-08-01 00:19:00,40.7492,-73.9924,B02617
2014-08-01 00:19:00,40.7581,-73.9131,B02617
2014-08-01 00:19:00,40.7364,-73.9872,B02617
2014-08-01 00:19:00,40.722,-73.9961,B02682
2014-08-01 00:19:00,40.7352,-74.0099,B02682
2014-08-01 00:19:00,40.7216,-73.9875,B02682
2014-08-01 00:20:00,40.7448,-73.9799,B02512
2014-08-01 00:20:00,40.7223,-73.992,B02598
2014-08-01 00:20:00,40.7291,-73.989,B02598
2014-08-01 00:20:00,40.7643,-73.9983,B02598
2014-08-01 00:20:00,40.7369,-73.9929,B02598
2014-08-01 00:20:00,40.8231,-73.9406,B02617
2014-08-01 00:20:00,40.7165,-74.0051,B02617
2014-08-01 00:20:00,40.741,-74.0051,B02617
2014-08-01 00:20:00,40.7645,-73.9796,B02617
2014-08-01 00:20:00,40.7642,-73.98,B02682
2014-08-01 00:20:00,40.7137,-73.9939,B02682
2014-08-01 00:20:00,40.7376,-73.9976,B02682
2014-08-01 00:20:00,40.7283,-73.9997,B02682
2014-08-01 00:21:00,40.7399,-74.0057,B02512
2014-08-01 00:21:00,40.7989,-73.9405,B02598
2014-08-01 00:21:00,40.741,-74.0055,B02598
2014-08-01 00:21:00,40.7437,-74.0066,B02598
2014-08-01 00:21:00,40.7575,-73.9824,B02598
2014-08-01 00:21:00,40.7206,-73.997,B02617
2014-08-01 00:21:00,40.6868,-73.9735,B02617
2014-08-01 00:21:00,40.7716,-73.9824,B02617
2014-08-01 00:21:00,40.7359,-74.0051,B02682
2014-08-01 00:21:00,40.8098,-74.0013,B02682
2014-08-01 00:21:00,40.7076,-74.0138,B02682
2014-08-01 00:22:00,40.7072,-73.9212,B02598
2014-08-01 00:22:00,40.6799,-73.9743,B02598
2014-08-01 00:22:00,40.7481,-73.9569,B02598
2014-08-01 00:22:00,40.7574,-73.9716,B02617
2014-08-01 00:22:00,40.7672,-73.9959,B02617
2014-08-01 00:22:00,40.7196,-74.0069,B02617
2014-08-01 00:22:00,40.8014,-73.9593,B02682
2014-08-01 00:22:00,40.7379,-73.9882,B02682
2014-08-01 00:23:00,40.6858,-73.9805,B02598
2014-08-01 00:23:00,40.7322,-74.0053,B02598
2014-08-01 00:23:00,40.6987,-73.9397,B02598
2014-08-01 00:23:00,40.6709,-73.985,B02598
2014-08-01 00:23:00,40.7644,-73.992,B02617
2014-08-01 00:23:00,40.7393,-73.9897,B02617
2014-08-01 00:23:00,40.6074,-74.0026,B02617
2014-08-01 00:23:00,40.6074,-74.0026,B02617
2014-08-01 00:23:00,40.6338,-73.9161,B02617
2014-08-01 00:23:00,40.756,-73.9749,B02617
2014-08-01 00:23:00,40.754,-73.9921,B02682
2014-08-01 00:23:00,40.7211,-74.0015,B02682
2014-08-01 00:23:00,40.67,-73.9553,B02682
2014-08-01 00:24:00,40.7101,-74.0096,B02598
2014-08-01 00:24:00,40.6962,-73.9743,B02598
2014-08-01 00:24:00,40.6742,-73.9657,B02617
2014-08-01 00:24:00,40.756,-73.9905,B02617
2014-08-01 00:24:00,40.6602,-73.9494,B02617
2014-08-01 00:24:00,40.6907,-73.992,B02617
2014-08-01 00:24:00,40.6906,-73.9317,B02617
2014-08-01 00:24:00,40.7221,-73.9918,B02617
2014-08-01 00:24:00,40.7385,-73.9856,B02617
2014-08-01 00:24:00,40.7944,-73.9739,B02682
2014-08-01 00:24:00,40.7119,-73.9525,B02682
2014-08-01 00:24:00,40.7201,-73.9997,B02682
2014-08-01 00:25:00,40.7651,-73.9683,B02512
2014-08-01 00:25:00,40.7262,-73.8483,B02598
2014-08-01 00:25:00,40.7715,-73.994,B02598
2014-08-01 00:25:00,40.6911,-73.9534,B02598
2014-08-01 00:25:00,40.7409,-73.9977,B02617
2014-08-01 00:25:00,40.7553,-73.9252,B02617
2014-08-01 00:25:00,40.7469,-73.9935,B02617
2014-08-01 00:25:00,40.8159,-73.9391,B02617
2014-08-01 00:25:00,40.7188,-73.94,B02617
2014-08-01 00:25:00,40.7788,-73.9819,B02617
2014-08-01 00:25:00,40.7532,-74.0264,B02682
2014-08-01 00:25:00,40.7258,-73.9836,B02682
2014-08-01 00:25:00,40.7197,-73.9949,B02682
2014-08-01 00:26:00,40.7268,-73.9956,B02598
2014-08-01 00:26:00,40.7574,-73.9686,B02598
2014-08-01 00:26:00,40.7572,-73.9715,B02598
2014-08-01 00:26:00,40.7344,-73.9922,B02598
2014-08-01 00:26:00,40.7381,-73.9877,B02598
2014-08-01 00:26:00,40.7218,-73.9583,B02617
2014-08-01 00:26:00,40.6803,-73.9948,B02617
2014-08-01 00:26:00,40.7222,-73.9859,B02617
2014-08-01 00:26:00,40.7044,-73.9144,B02617
2014-08-01 00:26:00,40.7663,-73.9869,B02617
2014-08-01 00:26:00,40.7487,-73.9888,B02682
2014-08-01 00:26:00,40.7374,-73.997,B02682
2014-08-01 00:26:00,40.7638,-73.9737,B02682
2014-08-01 00:26:00,40.7469,-73.9967,B02682
2014-08-01 00:26:00,40.7529,-73.9678,B02682
2014-08-01 00:26:00,40.7557,-73.9731,B02764
2014-08-01 00:27:00,40.7354,-74.0081,B02512
2014-08-01 00:27:00,40.7972,-73.9404,B02598
2014-08-01 00:27:00,40.7663,-73.9869,B02617
2014-08-01 00:27:00,40.7441,-73.9276,B02617
2014-08-01 00:27:00,40.719,-73.9933,B02617
2014-08-01 00:27:00,40.7298,-73.9806,B02617
2014-08-01 00:27:00,40.752,-73.9848,B02617
2014-08-01 00:27:00,40.7522,-73.9933,B02617
2014-08-01 00:27:00,40.7414,-73.9932,B02682
2014-08-01 00:27:00,40.7567,-73.9939,B02682
2014-08-01 00:27:00,40.8187,-73.9272,B02682
2014-08-01 00:27:00,40.742,-74.0055,B02682
2014-08-01 00:28:00,40.719,-73.9964,B02598
2014-08-01 00:28:00,40.6935,-73.9885,B02598
2014-08-01 00:28:00,40.7196,-74.0042,B02598
2014-08-01 00:28:00,40.8251,-74.1376,B02598
2014-08-01 00:28:00,40.7455,-73.9897,B02617
2014-08-01 00:28:00,40.7636,-73.7715,B02617
2014-08-01 00:28:00,40.732,-73.9896,B02617
2014-08-01 00:28:00,40.716,-73.9578,B02617
2014-08-01 00:28:00,40.7138,-73.9945,B02617
2014-08-01 00:28:00,40.7255,-73.9573,B02617
2014-08-01 00:28:00,40.7582,-73.9174,B02617
2014-08-01 00:28:00,40.72,-73.9992,B02617
2014-08-01 00:28:00,40.7572,-73.9683,B02617
2014-08-01 00:28:00,40.7255,-74.0031,B02682
2014-08-01 00:28:00,40.7202,-73.9845,B02682
2014-08-01 00:28:00,40.7202,-74.005,B02682
2014-08-01 00:28:00,40.7471,-73.9856,B02682
2014-08-01 00:29:00,40.7339,-74.0028,B02512
2014-08-01 00:29:00,40.7364,-74.0301,B02512
2014-08-01 00:29:00,40.7364,-74.0301,B02512
2014-08-01 00:29:00,40.7252,-73.989,B02598
2014-08-01 00:29:00,40.7412,-74.0083,B02598
2014-08-01 00:29:00,40.755,-73.9839,B02617
2014-08-01 00:29:00,40.7597,-73.9877,B02617
2014-08-01 00:29:00,40.7188,-73.9406,B02617
2014-08-01 00:29:00,40.6671,-73.988,B02617
2014-08-01 00:29:00,40.6671,-73.988,B02617
2014-08-01 00:29:00,40.7553,-73.9699,B02617
2014-08-01 00:29:00,40.7636,-73.7714,B02617
2014-08-01 00:29:00,40.7795,-73.9776,B02617
2014-08-01 00:29:00,40.7827,-73.9511,B02617
2014-08-01 00:29:00,40.7363,-73.9371,B02617
2014-08-01 00:29:00,40.7358,-73.7821,B02617
2014-08-01 00:29:00,40.7508,-73.984,B02617
2014-08-01 00:29:00,40.7395,-74.0019,B02682
2014-08-01 00:29:00,40.668,-73.9238,B02682
2014-08-01 00:30:00,40.7252,-73.9516,B02512
2014-08-01 00:30:00,40.7433,-73.986,B02512
2014-08-01 00:30:00,40.7213,-73.988,B02598
2014-08-01 00:30:00,40.7489,-73.9881,B02598
2014-08-01 00:30:00,40.7395,-73.9941,B02598
2014-08-01 00:30:00,40.7419,-73.9809,B02617
2014-08-01 00:30:00,40.7642,-73.9885,B02617
2014-08-01 00:30:00,40.7609,-73.9802,B02617
2014-08-01 00:30:00,40.7432,-74.0064,B02682
2014-08-01 00:30:00,40.8553,-73.939,B02682
2014-08-01 00:31:00,40.7234,-73.9564,B02598
2014-08-01 00:31:00,40.6904,-73.9922,B02617
2014-08-01 00:31:00,40.7693,-73.9533,B02617
2014-08-01 00:31:00,40.7132,-73.9582,B02617
2014-08-01 00:31:00,40.7618,-73.9871,B02617
2014-08-01 00:31:00,40.6942,-73.9293,B02682
2014-08-01 00:31:00,40.7549,-73.9701,B02682
2014-08-01 00:31:00,40.721,-73.9956,B02682
2014-08-01 00:31:00,40.7925,-73.9676,B02682
2014-08-01 00:31:00,40.7128,-74.0077,B02682
2014-08-01 00:31:00,40.7625,-73.9743,B02682
2014-08-01 00:32:00,40.7694,-73.7891,B02598
2014-08-01 00:32:00,40.7311,-73.9826,B02598
2014-08-01 00:32:00,40.7283,-73.9996,B02598
2014-08-01 00:32:00,40.7608,-73.9791,B02598
2014-08-01 00:32:00,40.7222,-73.9575,B02598
2014-08-01 00:32:00,40.6774,-73.9591,B02598
2014-08-01 00:32:00,40.7188,-74.0025,B02598
2014-08-01 00:32:00,40.7601,-73.9877,B02617
2014-08-01 00:32:00,40.7365,-73.9945,B02682
2014-08-01 00:32:00,40.7304,-74,B02682
2014-08-01 00:32:00,40.7272,-74.0001,B02682
2014-08-01 00:32:00,40.64,-73.935,B02682
2014-08-01 00:32:00,40.7503,-73.9844,B02682
2014-08-01 00:32:00,40.7431,-73.9936,B02682
2014-08-01 00:33:00,40.6611,-73.9585,B02598
2014-08-01 00:33:00,40.7131,-73.9566,B02598
2014-08-01 00:33:00,40.7514,-74.0285,B02617
2014-08-01 00:33:00,40.7167,-73.962,B02617
2014-08-01 00:33:00,40.7207,-73.9947,B02617
2014-08-01 00:33:00,40.7409,-74.0075,B02617
2014-08-01 00:33:00,40.7272,-73.9919,B02617
2014-08-01 00:33:00,40.7501,-73.9948,B02617
2014-08-01 00:33:00,40.7161,-73.9918,B02617
2014-08-01 00:33:00,40.7194,-74.0052,B02617
2014-08-01 00:33:00,40.7214,-73.988,B02682
2014-08-01 00:33:00,40.744,-73.9877,B02682
2014-08-01 00:33:00,40.7952,-73.9455,B02682
2014-08-01 00:34:00,40.7437,-73.9884,B02512
2014-08-01 00:34:00,40.7151,-74.016,B02617
2014-08-01 00:34:00,40.7582,-73.985,B02617
2014-08-01 00:34:00,40.7296,-73.9898,B02617
2014-08-01 00:34:00,40.7223,-73.9589,B02617
2014-08-01 00:34:00,40.7182,-73.9889,B02617
2014-08-01 00:34:00,40.76,-73.9914,B02617
2014-08-01 00:34:00,40.7457,-73.9896,B02617
2014-08-01 00:34:00,40.7285,-74.0002,B02617
2014-08-01 00:34:00,40.7381,-74.0095,B02682
2014-08-01 00:34:00,40.7403,-74.0057,B02682
2014-08-01 00:34:00,40.7137,-74.0146,B02682
2014-08-01 00:34:00,40.7638,-73.9588,B02682
2014-08-01 00:34:00,40.7831,-73.9443,B02682
2014-08-01 00:34:00,40.7507,-74.0036,B02682
2014-08-01 00:35:00,40.7082,-73.9423,B02598
2014-08-01 00:35:00,40.7759,-73.9531,B02598
2014-08-01 00:35:00,40.6952,-73.9201,B02617
2014-08-01 00:35:00,40.7137,-73.9942,B02617
2014-08-01 00:35:00,40.7363,-74.0034,B02617
2014-08-01 00:35:00,40.7147,-73.9997,B02617
2014-08-01 00:35:00,40.7063,-74.0124,B02617
2014-08-01 00:35:00,40.6833,-73.9927,B02682
2014-08-01 00:35:00,40.6968,-73.9063,B02682
2014-08-01 00:35:00,40.742,-74.0042,B02682
2014-08-01 00:35:00,40.7733,-73.9619,B02764
2014-08-01 00:36:00,40.7406,-74.0077,B02512
2014-08-01 00:36:00,40.7367,-73.9889,B02598
2014-08-01 00:36:00,40.7421,-74.0044,B02598
2014-08-01 00:36:00,40.7252,-74.0036,B02617
2014-08-01 00:36:00,40.725,-73.9843,B02617
2014-08-01 00:36:00,40.7222,-73.9588,B02617
2014-08-01 00:36:00,40.7719,-73.9826,B02617
2014-08-01 00:36:00,40.7556,-73.9737,B02617
2014-08-01 00:36:00,40.7253,-73.9928,B02617
2014-08-01 00:36:00,40.7546,-73.9717,B02682
2014-08-01 00:36:00,40.7363,-73.9893,B02682
2014-08-01 00:37:00,40.7338,-74.0026,B02598
2014-08-01 00:37:00,40.7121,-73.947,B02617
2014-08-01 00:37:00,40.7212,-73.8369,B02617
2014-08-01 00:37:00,40.6903,-73.9543,B02682
2014-08-01 00:38:00,40.7502,-74.0308,B02598
2014-08-01 00:38:00,40.752,-73.9948,B02598
2014-08-01 00:38:00,40.7298,-74.0006,B02598
2014-08-01 00:38:00,40.8307,-73.9487,B02598
2014-08-01 00:38:00,40.763,-73.97,B02617
2014-08-01 00:38:00,40.7335,-73.9566,B02617
2014-08-01 00:38:00,40.7391,-73.9898,B02617
2014-08-01 00:38:00,40.7398,-73.9911,B02617
2014-08-01 00:38:00,40.7145,-73.9996,B02682
2014-08-01 00:38:00,40.7334,-74.0546,B02682
2014-08-01 00:38:00,40.7435,-73.9797,B02682
2014-08-01 00:38:00,40.7275,-73.9939,B02682
2014-08-01 00:39:00,40.7353,-74.0098,B02598
2014-08-01 00:39:00,40.7671,-73.9879,B02598
2014-08-01 00:39:00,40.7392,-74.0664,B02682
2014-08-01 00:39:00,40.7668,-73.9789,B02682
2014-08-01 00:39:00,40.7394,-74.0017,B02682
2014-08-01 00:40:00,40.6746,-73.9584,B02598
2014-08-01 00:40:00,40.7162,-74.0108,B02598
2014-08-01 00:40:00,40.7474,-74.0032,B02598
2014-08-01 00:40:00,40.7752,-73.9617,B02598
2014-08-01 00:40:00,40.7288,-74.0005,B02617
2014-08-01 00:40:00,40.7273,-74.1492,B02617
2014-08-01 00:40:00,40.7088,-74.0051,B02617
2014-08-01 00:40:00,40.7232,-73.9767,B02617
2014-08-01 00:40:00,40.7318,-73.9838,B02617
2014-08-01 00:40:00,40.7413,-73.987,B02617
2014-08-01 00:40:00,40.7338,-73.9582,B02682
2014-08-01 00:40:00,40.7401,-74.0054,B02682
2014-08-01 00:40:00,40.7333,-74.0024,B02682
2014-08-01 00:40:00,40.716,-74.0151,B02682
2014-08-01 00:41:00,40.7122,-73.9965,B02598
2014-08-01 00:41:00,40.7222,-73.95,B02617
2014-08-01 00:41:00,40.745,-73.9883,B02617
2014-08-01 00:41:00,40.7516,-74.0032,B02617
2014-08-01 00:41:00,40.721,-73.9978,B02617
2014-08-01 00:41:00,40.7205,-73.959,B02617
2014-08-01 00:41:00,40.7146,-73.9996,B02617
2014-08-01 00:41:00,40.7146,-73.9996,B02617
2014-08-01 00:41:00,40.7174,-73.9518,B02617
2014-08-01 00:41:00,40.7319,-74.0033,B02617
2014-08-01 00:41:00,40.7527,-73.9795,B02682
2014-08-01 00:42:00,40.7041,-73.9305,B02617
2014-08-01 00:42:00,40.7455,-73.9923,B02682
2014-08-01 00:42:00,40.7605,-73.9814,B02682
2014-08-01 00:42:00,40.6465,-73.7897,B02682
2014-08-01 00:42:00,40.7226,-73.9942,B02682
2014-08-01 00:42:00,40.725,-73.9753,B02682
2014-08-01 00:42:00,40.7422,-74.0041,B02682
2014-08-01 00:43:00,40.7151,-73.9652,B02598
2014-08-01 00:43:00,40.7518,-74.0049,B02598
2014-08-01 00:43:00,40.7417,-74.0047,B02598
2014-08-01 00:43:00,40.7412,-73.9984,B02598
2014-08-01 00:43:00,40.7602,-73.9875,B02617
2014-08-01 00:43:00,40.7395,-74.0019,B02617
2014-08-01 00:43:00,40.7192,-73.9563,B02617
2014-08-01 00:43:00,40.7021,-73.9124,B02617
2014-08-01 00:43:00,40.7419,-74.0037,B02617
2014-08-01 00:43:00,40.7429,-74.0079,B02617
2014-08-01 00:43:00,40.7339,-73.9887,B02617
2014-08-01 00:43:00,40.732,-73.9842,B02617
2014-08-01 00:43:00,40.7608,-73.9837,B02682
2014-08-01 00:43:00,40.7619,-73.9711,B02682
2014-08-01 00:43:00,40.7031,-73.9145,B02682
2014-08-01 00:43:00,40.7151,-73.9666,B02764
2014-08-01 00:44:00,40.7137,-73.9946,B02598
2014-08-01 00:44:00,40.7397,-73.9851,B02598
2014-08-01 00:44:00,40.7309,-74.0069,B02598
2014-08-01 00:44:00,40.7524,-73.9796,B02598
2014-08-01 00:44:00,40.7623,-73.9707,B02617
2014-08-01 00:44:00,40.7534,-73.9835,B02617
2014-08-01 00:44:00,40.7286,-74,B02617
2014-08-01 00:44:00,40.7161,-74.0041,B02617
2014-08-01 00:44:00,40.689,-73.9585,B02617
2014-08-01 00:44:00,40.732,-73.9838,B02617
2014-08-01 00:44:00,40.7532,-74.0261,B02617
2014-08-01 00:44:00,40.7532,-74.0261,B02617
2014-08-01 00:44:00,40.7253,-73.6343,B02617
2014-08-01 00:44:00,40.669,-73.529,B02682
2014-08-01 00:45:00,40.7408,-74.0075,B02598
2014-08-01 00:45:00,40.7357,-73.9926,B02598
2014-08-01 00:45:00,40.7824,-73.9587,B02617
2014-08-01 00:45:00,40.7286,-74.0002,B02617
2014-08-01 00:45:00,40.7293,-74.0052,B02617
2014-08-01 00:45:00,40.7845,-73.9546,B02617
2014-08-01 00:45:00,40.742,-74.0054,B02682
2014-08-01 00:45:00,40.876,-73.8815,B02682
2014-08-01 00:45:00,40.7596,-74.028,B02682
2014-08-01 00:45:00,40.7434,-73.9581,B02682
2014-08-01 00:46:00,40.7051,-74.0101,B02598
2014-08-01 00:46:00,40.7779,-73.9757,B02598
2014-08-01 00:46:00,40.7442,-73.9962,B02598
2014-08-01 00:46:00,40.7211,-73.9935,B02617
2014-08-01 00:46:00,40.6733,-73.8334,B02617
2014-08-01 00:46:00,40.7083,-74.0048,B02617
2014-08-01 00:46:00,40.7516,-73.9762,B02617
2014-08-01 00:46:00,40.7683,-73.9511,B02682
2014-08-01 00:46:00,40.7382,-73.9858,B02682
2014-08-01 00:46:00,40.7286,-73.9476,B02682
2014-08-01 00:46:00,40.7584,-73.9626,B02682
2014-08-01 00:47:00,40.7391,-74.0081,B02598
2014-08-01 00:47:00,40.731,-74.0013,B02598
2014-08-01 00:47:00,40.742,-73.9852,B02598
2014-08-01 00:47:00,40.6925,-73.9908,B02617
2014-08-01 00:47:00,40.7559,-73.9747,B02617
2014-08-01 00:47:00,40.7423,-74.0039,B02682
2014-08-01 00:48:00,40.7421,-74.0002,B02512
2014-08-01 00:48:00,40.7203,-73.9554,B02598
2014-08-01 00:48:00,40.7304,-74.0017,B02617
2014-08-01 00:48:00,40.7633,-73.9566,B02617
2014-08-01 00:48:00,40.7274,-73.985,B02617
2014-08-01 00:48:00,40.7312,-73.9826,B02682
2014-08-01 00:48:00,40.6654,-73.7706,B02682
2014-08-01 00:48:00,40.7133,-73.9583,B02682
2014-08-01 00:49:00,40.7367,-74.0053,B02598
2014-08-01 00:49:00,40.7146,-74.0093,B02598
2014-08-01 00:49:00,40.7424,-73.9855,B02617
2014-08-01 00:49:00,40.7568,-73.9981,B02617
2014-08-01 00:49:00,40.7597,-74.0277,B02617
2014-08-01 00:49:00,40.74,-74.0057,B02617
2014-08-01 00:49:00,40.7406,-74.0077,B02682
2014-08-01 00:49:00,40.7191,-73.9609,B02682
2014-08-01 00:49:00,40.7067,-74.0045,B02764
2014-08-01 00:50:00,40.752,-73.9751,B02598
2014-08-01 00:50:00,40.7404,-73.9984,B02617
2014-08-01 00:50:00,40.7135,-73.9944,B02617
2014-08-01 00:50:00,40.7135,-73.9944,B02617
2014-08-01 00:50:00,40.7402,-74.0076,B02617
2014-08-01 00:50:00,40.7647,-73.9808,B02617
2014-08-01 00:50:00,40.7843,-73.979,B02682
2014-08-01 00:50:00,40.7336,-73.9762,B02682
2014-08-01 00:50:00,40.7957,-74.4804,B02682
2014-08-01 00:51:00,40.7274,-73.9938,B02598
2014-08-01 00:51:00,40.7274,-73.9938,B02598
2014-08-01 00:51:00,40.7277,-73.9992,B02617
2014-08-01 00:51:00,40.7215,-73.989,B02617
2014-08-01 00:51:00,40.7139,-73.9394,B02617
2014-08-01 00:51:00,40.7471,-74.0093,B02617
2014-08-01 00:51:00,40.744,-74.003,B02617
2014-08-01 00:51:00,40.7636,-73.9736,B02617
2014-08-01 00:51:00,40.7346,-73.9905,B02617
2014-08-01 00:51:00,40.7129,-74.0043,B02617
2014-08-01 00:52:00,40.7394,-74.0069,B02512
2014-08-01 00:52:00,40.7423,-73.9857,B02598
2014-08-01 00:52:00,40.7603,-73.982,B02598
2014-08-01 00:52:00,40.7405,-74.0046,B02617
2014-08-01 00:52:00,40.7431,-74.0076,B02617
2014-08-01 00:52:00,40.7551,-73.9868,B02617
2014-08-01 00:52:00,40.7246,-73.9934,B02617
2014-08-01 00:52:00,40.74,-74.0054,B02682
2014-08-01 00:52:00,40.7173,-73.9896,B02682
2014-08-01 00:53:00,40.7153,-73.9666,B02512
2014-08-01 00:53:00,40.7416,-73.9954,B02598
2014-08-01 00:53:00,40.7073,-73.9438,B02598
2014-08-01 00:53:00,40.7584,-73.976,B02617
2014-08-01 00:53:00,40.736,-74.0295,B02617
2014-08-01 00:53:00,40.736,-74.0295,B02617
2014-08-01 00:53:00,40.7126,-74.0084,B02682
2014-08-01 00:54:00,40.6888,-73.9853,B02512
2014-08-01 00:54:00,40.7194,-74.0428,B02512
2014-08-01 00:54:00,40.7498,-74.0064,B02598
2014-08-01 00:54:00,40.745,-73.9781,B02598
2014-08-01 00:54:00,40.6768,-73.9561,B02617
2014-08-01 00:54:00,40.8265,-73.9431,B02617
2014-08-01 00:54:00,40.6551,-74.0104,B02617
2014-08-01 00:55:00,40.7562,-73.9714,B02512
2014-08-01 00:55:00,40.7428,-74.0076,B02598
2014-08-01 00:55:00,40.7065,-73.9519,B02598
2014-08-01 00:55:00,40.7598,-73.8303,B02617
2014-08-01 00:55:00,40.7488,-73.987,B02617
2014-08-01 00:55:00,40.7519,-74.0048,B02617
2014-08-01 00:55:00,40.7305,-74.0041,B02682
2014-08-01 00:56:00,40.7621,-73.9601,B02598
2014-08-01 00:56:00,41.0573,-74.1428,B02598
2014-08-01 00:56:00,40.7138,-73.994,B02598
2014-08-01 00:56:00,40.7553,-73.9252,B02598
2014-08-01 00:56:00,40.7619,-73.9747,B02598
2014-08-01 00:56:00,40.7182,-73.9552,B02617
2014-08-01 00:56:00,40.7412,-73.9926,B02617
2014-08-01 00:56:00,40.7222,-73.9858,B02617
2014-08-01 00:56:00,40.7177,-73.9589,B02617
2014-08-01 00:56:00,40.719,-73.989,B02617
2014-08-01 00:56:00,40.7245,-74.0045,B02617
2014-08-01 00:56:00,40.7277,-73.9942,B02682
2014-08-01 00:56:00,40.7418,-73.9893,B02682
2014-08-01 00:56:00,40.7072,-74.002,B02682
2014-08-01 00:56:00,40.7072,-74.002,B02682
2014-08-01 00:57:00,40.7414,-73.993,B02598
2014-08-01 00:57:00,40.7049,-74.0103,B02598
2014-08-01 00:57:00,40.731,-73.9836,B02617
2014-08-01 00:57:00,40.7364,-73.9908,B02617
2014-08-01 00:57:00,40.7684,-73.9862,B02617
2014-08-01 00:57:00,40.7233,-74.0048,B02617
2014-08-01 00:57:00,40.7181,-73.9551,B02617
2014-08-01 00:57:00,40.7202,-73.9935,B02682
2014-08-01 00:57:00,40.7177,-73.9578,B02682
2014-08-01 00:57:00,40.7646,-73.922,B02682
2014-08-01 00:57:00,40.7169,-73.9481,B02682
2014-08-01 00:57:00,40.7033,-73.9941,B02682
2014-08-01 00:58:00,40.7601,-73.9839,B02512
2014-08-01 00:58:00,40.7453,-73.9927,B02598
2014-08-01 00:58:00,40.7608,-73.9778,B02598
2014-08-01 00:58:00,40.8001,-73.9513,B02617
2014-08-01 00:58:00,40.7407,-74.005,B02617
2014-08-01 00:58:00,40.7409,-74.0074,B02617
2014-08-01 00:58:00,40.7187,-73.9889,B02617
2014-08-01 00:58:00,40.7555,-73.9838,B02617
2014-08-01 00:59:00,40.6804,-73.9947,B02598
2014-08-01 00:59:00,40.695,-74.1781,B02598
2014-08-01 00:59:00,40.6811,-73.9558,B02598
2014-08-01 00:59:00,40.6874,-74.0004,B02598
2014-08-01 00:59:00,40.7243,-73.9489,B02617
2014-08-01 00:59:00,40.7183,-73.9892,B02617
2014-08-01 00:59:00,40.7589,-73.9786,B02617
2014-08-01 00:59:00,40.7408,-74.0077,B02617
2014-08-01 00:59:00,40.6762,-73.9801,B02617
2014-08-01 00:59:00,40.7591,-73.83,B02617
2014-08-01 00:59:00,40.7382,-74.0093,B02617
2014-08-01 01:00:00,40.7222,-73.9587,B02598
2014-08-01 01:00:00,40.7327,-74.0026,B02598
2014-08-01 01:00:00,40.714,-73.9499,B02617
2014-08-01 01:00:00,40.7593,-73.9727,B02617
2014-08-01 01:00:00,40.7397,-74.0022,B02617
2014-08-01 01:00:00,40.7581,-73.9762,B02617
2014-08-01 01:00:00,40.7253,-74.0033,B02682
2014-08-01 01:01:00,40.7585,-73.9732,B02512
2014-08-01 01:01:00,40.7667,-73.971,B02598
2014-08-01 01:01:00,40.7272,-73.9919,B02617
2014-08-01 01:01:00,40.7258,-73.9836,B02617
2014-08-01 01:01:00,40.665,-73.9898,B02617
2014-08-01 01:01:00,40.7241,-73.8957,B02617
2014-08-01 01:01:00,40.7438,-74.0307,B02682
2014-08-01 01:01:00,40.734,-74.0043,B02682
2014-08-01 01:02:00,40.7137,-73.9944,B02598
2014-08-01 01:02:00,40.7328,-74.0027,B02617
2014-08-01 01:02:00,40.7162,-74.0002,B02617
2014-08-01 01:02:00,40.7227,-74.0043,B02617
2014-08-01 01:02:00,40.7227,-74.0043,B02617
2014-08-01 01:02:00,40.7528,-73.9949,B02617
2014-08-01 01:02:00,40.748,-74.0046,B02617
2014-08-01 01:02:00,40.7249,-74.0094,B02617
2014-08-01 01:02:00,40.7218,-73.992,B02682
2014-08-01 01:02:00,40.7584,-73.9628,B02682
2014-08-01 01:02:00,40.7679,-73.9849,B02682
2014-08-01 01:02:00,40.7187,-74.0093,B02682
2014-08-01 01:03:00,40.7495,-73.9832,B02598
2014-08-01 01:03:00,40.7075,-74.0042,B02598
2014-08-01 01:03:00,40.7084,-73.9432,B02617
2014-08-01 01:03:00,40.7446,-73.9908,B02682
2014-08-01 01:03:00,40.7292,-73.9893,B02682
2014-08-01 01:03:00,40.7182,-74.0071,B02682
2014-08-01 01:04:00,40.626,-73.9768,B02598
2014-08-01 01:04:00,40.756,-73.9679,B02598
2014-08-01 01:04:00,40.73,-73.9814,B02617
2014-08-01 01:04:00,40.7322,-74.0043,B02617
2014-08-01 01:04:00,40.7025,-73.9907,B02682
2014-08-01 01:05:00,40.7173,-73.9597,B02598
2014-08-01 01:05:00,40.717,-73.9652,B02598
2014-08-01 01:05:00,40.6013,-73.7497,B02598
2014-08-01 01:05:00,40.7176,-73.9575,B02598
2014-08-01 01:05:00,40.6968,-73.9062,B02598
2014-08-01 01:05:00,40.7419,-74.0055,B02617
2014-08-01 01:05:00,40.7405,-74.0062,B02617
2014-08-01 01:05:00,40.7441,-73.9919,B02617
2014-08-01 01:05:00,40.772,-73.9826,B02617
2014-08-01 01:05:00,40.7066,-73.9363,B02617
2014-08-01 01:05:00,40.7066,-73.9363,B02617
2014-08-01 01:05:00,40.6865,-73.995,B02682
2014-08-01 01:06:00,40.7354,-73.9982,B02598
2014-08-01 01:06:00,40.7199,-73.9875,B02598
2014-08-01 01:06:00,40.7361,-74.0302,B02617
2014-08-01 01:06:00,40.6454,-73.9027,B02617
2014-08-01 01:06:00,40.7548,-73.969,B02617
2014-08-01 01:06:00,40.7199,-74.0428,B02682
2014-08-01 01:06:00,41.0019,-73.6623,B02682
2014-08-01 01:07:00,40.7456,-73.9824,B02598
2014-08-01 01:07:00,40.7553,-73.9793,B02598
2014-08-01 01:07:00,40.6597,-73.9776,B02617
2014-08-01 01:07:00,40.6785,-73.9036,B02617
2014-08-01 01:07:00,40.7722,-73.9467,B02682
2014-08-01 01:07:00,40.7222,-73.9587,B02682
2014-08-01 01:07:00,40.7579,-73.9652,B02682
2014-08-01 01:08:00,40.7711,-73.9832,B02512
2014-08-01 01:08:00,40.74,-74.008,B02617
2014-08-01 01:08:00,40.7422,-74.0007,B02617
2014-08-01 01:08:00,40.7397,-74.0019,B02617
2014-08-01 01:09:00,40.7133,-74.0092,B02512
2014-08-01 01:09:00,40.7342,-74.003,B02598
2014-08-01 01:09:00,40.7419,-73.9863,B02598
2014-08-01 01:09:00,40.7587,-73.9793,B02598
2014-08-01 01:09:00,40.7167,-73.9619,B02617
2014-08-01 01:09:00,40.7616,-73.968,B02617
2014-08-01 01:09:00,40.7158,-74.0073,B02617
2014-08-01 01:09:00,40.7605,-73.9731,B02617
2014-08-01 01:09:00,40.7446,-73.981,B02617
2014-08-01 01:10:00,40.7572,-73.9679,B02598
2014-08-01 01:10:00,40.7153,-74.0076,B02598
2014-08-01 01:10:00,40.7196,-73.998,B02598
2014-08-01 01:10:00,40.7842,-73.9774,B02598
2014-08-01 01:10:00,40.7571,-73.9717,B02617
2014-08-01 01:10:00,40.8195,-73.9538,B02617
2014-08-01 01:10:00,40.7209,-73.9567,B02682
2014-08-01 01:11:00,40.7222,-73.9588,B02512
2014-08-01 01:11:00,40.7141,-73.8302,B02617
2014-08-01 01:11:00,40.7424,-74.0041,B02617
2014-08-01 01:11:00,40.7424,-74.0041,B02617
2014-08-01 01:11:00,40.7413,-73.9931,B02617
2014-08-01 01:11:00,40.721,-73.9974,B02617
2014-08-01 01:11:00,40.6736,-73.9673,B02617
2014-08-01 01:11:00,40.7434,-73.9845,B02617
2014-08-01 01:11:00,40.7434,-73.9845,B02617
2014-08-01 01:11:00,40.741,-74.0074,B02617
2014-08-01 01:11:00,40.7596,-73.9712,B02617
2014-08-01 01:11:00,40.7504,-73.9872,B02617
2014-08-01 01:11:00,40.6818,-73.9667,B02682
2014-08-01 01:11:00,40.784,-73.9777,B02682
2014-08-01 01:11:00,40.7179,-73.7355,B02682
2014-08-01 01:12:00,40.7194,-73.9885,B02598
2014-08-01 01:12:00,40.7581,-73.9761,B02617
2014-08-01 01:12:00,40.7324,-74.0036,B02617
2014-08-01 01:12:00,40.7247,-73.9905,B02617
2014-08-01 01:12:00,40.7543,-74.0258,B02682
2014-08-01 01:12:00,40.7185,-73.9884,B02682
2014-08-01 01:12:00,40.6583,-74.0065,B02682
2014-08-01 01:12:00,40.7424,-73.9859,B02682
2014-08-01 01:12:00,40.6979,-73.9277,B02682
2014-08-01 01:13:00,40.7616,-73.9247,B02598
2014-08-01 01:13:00,40.763,-73.9967,B02617
2014-08-01 01:13:00,40.7339,-74.0027,B02617
2014-08-01 01:13:00,40.7261,-73.9837,B02617
2014-08-01 01:13:00,40.7596,-73.9933,B02617
2014-08-01 01:13:00,40.6932,-73.9985,B02617
2014-08-01 01:13:00,40.7407,-74.0077,B02682
2014-08-01 01:13:00,40.7713,-73.9818,B02682
2014-08-01 01:13:00,40.7605,-73.9791,B02682
2014-08-01 01:14:00,40.6738,-73.9592,B02598
2014-08-01 01:14:00,40.7201,-73.9992,B02617
2014-08-01 01:14:00,40.7137,-73.9948,B02617
2014-08-01 01:14:00,40.7271,-73.9895,B02617
2014-08-01 01:14:00,40.7663,-73.9663,B02617
2014-08-01 01:14:00,40.7052,-73.9149,B02617
2014-08-01 01:14:00,40.7137,-73.9948,B02682
2014-08-01 01:14:00,40.7345,-73.9896,B02682
2014-08-01 01:15:00,40.7594,-73.9683,B02598
2014-08-01 01:15:00,40.704,-73.9307,B02598
2014-08-01 01:15:00,40.7516,-73.9769,B02598
2014-08-01 01:15:00,40.7586,-73.9727,B02617
2014-08-01 01:15:00,40.75,-73.9949,B02617
2014-08-01 01:15:00,40.762,-73.9596,B02617
2014-08-01 01:15:00,40.7137,-73.9941,B02617
2014-08-01 01:15:00,40.7905,-73.9778,B02617
2014-08-01 01:15:00,40.7112,-73.9561,B02617
2014-08-01 01:15:00,40.7112,-73.9561,B02617
2014-08-01 01:15:00,40.7786,-73.9779,B02617
2014-08-01 01:15:00,40.7537,-73.9881,B02682
2014-08-01 01:15:00,40.736,-74.0292,B02682
2014-08-01 01:15:00,40.743,-74.004,B02682
2014-08-01 01:15:00,40.7114,-73.9653,B02764
2014-08-01 01:16:00,40.7206,-73.2258,B02598
2014-08-01 01:16:00,40.7422,-74.0043,B02598
2014-08-01 01:16:00,40.7376,-73.9822,B02617
2014-08-01 01:16:00,40.7139,-73.9576,B02617
2014-08-01 01:16:00,40.7341,-73.9909,B02617
2014-08-01 01:16:00,40.7579,-73.9773,B02617
2014-08-01 01:16:00,40.7198,-73.9928,B02682
2014-08-01 01:16:00,40.7313,-74.003,B02682
2014-08-01 01:16:00,40.7567,-73.9884,B02764
2014-08-01 01:17:00,40.7847,-73.9582,B02598
2014-08-01 01:17:00,41.0608,-74.144,B02598
2014-08-01 01:17:00,40.7421,-74.0037,B02598
2014-08-01 01:17:00,40.6333,-73.9494,B02617
2014-08-01 01:17:00,40.6415,-74.018,B02617
2014-08-01 01:17:00,40.6694,-73.9868,B02682
2014-08-01 01:17:00,40.8688,-73.9317,B02682
2014-08-01 01:17:00,40.7527,-73.9499,B02682
2014-08-01 01:17:00,40.7342,-73.9988,B02682
2014-08-01 01:18:00,40.718,-74.0085,B02598
2014-08-01 01:18:00,40.7149,-73.9669,B02598
2014-08-01 01:18:00,40.7155,-73.9414,B02617
2014-08-01 01:18:00,40.8277,-73.9456,B02617
2014-08-01 01:18:00,40.7628,-73.9715,B02617
2014-08-01 01:18:00,40.7373,-73.9551,B02617
2014-08-01 01:18:00,40.7567,-73.9875,B02617
2014-08-01 01:18:00,40.7421,-74.043,B02682
2014-08-01 01:18:00,40.6785,-73.9588,B02682
2014-08-01 01:18:00,40.7368,-73.9553,B02682
2014-08-01 01:19:00,40.7399,-74.0024,B02512
2014-08-01 01:19:00,40.7551,-73.993,B02617
2014-08-01 01:19:00,40.7483,-73.9849,B02682
2014-08-01 01:19:00,40.7271,-73.9888,B02682
2014-08-01 01:19:00,40.7212,-73.9877,B02764
2014-08-01 01:20:00,40.8298,-73.9464,B02617
2014-08-01 01:20:00,40.7512,-73.9941,B02617
2014-08-01 01:20:00,40.6729,-73.9644,B02617
2014-08-01 01:20:00,40.7349,-74.0061,B02617
2014-08-01 01:20:00,40.7434,-74.0034,B02617
2014-08-01 01:20:00,40.8085,-73.9449,B02617
2014-08-01 01:20:00,40.7447,-73.9806,B02617
2014-08-01 01:21:00,40.6999,-73.9271,B02598
2014-08-01 01:21:00,40.754,-73.9981,B02598
2014-08-01 01:21:00,40.7613,-73.9867,B02598
2014-08-01 01:21:00,40.7809,-73.9563,B02598
2014-08-01 01:21:00,40.6956,-74.1781,B02617
2014-08-01 01:21:00,40.7511,-73.9904,B02617
2014-08-01 01:21:00,40.6447,-73.7819,B02682
2014-08-01 01:22:00,40.6545,-74.0017,B02512
2014-08-01 01:22:00,40.6879,-74.1812,B02512
2014-08-01 01:22:00,40.7502,-73.9949,B02598
2014-08-01 01:22:00,40.7301,-73.9896,B02598
2014-08-01 01:22:00,40.7397,-74.0063,B02598
2014-08-01 01:22:00,40.7402,-74.0058,B02617
2014-08-01 01:22:00,40.7128,-73.9568,B02617
2014-08-01 01:22:00,40.7421,-73.9859,B02617
2014-08-01 01:22:00,40.7418,-73.9832,B02617
2014-08-01 01:22:00,40.695,-74.1782,B02617
2014-08-01 01:22:00,40.7245,-73.9986,B02617
2014-08-01 01:22:00,40.7402,-74.0059,B02682
2014-08-01 01:22:00,40.7348,-73.9927,B02682
2014-08-01 01:22:00,40.7348,-73.9927,B02682
2014-08-01 01:22:00,40.9143,-74.0499,B02682
2014-08-01 01:22:00,40.7146,-73.965,B02682
2014-08-01 01:23:00,40.7093,-73.8284,B02617
2014-08-01 01:23:00,40.7242,-73.9826,B02617
2014-08-01 01:23:00,40.7584,-73.9724,B02617
2014-08-01 01:23:00,40.695,-73.9527,B02617
2014-08-01 01:23:00,40.7791,-73.9522,B02682
2014-08-01 01:24:00,40.6141,-73.9773,B02598
2014-08-01 01:24:00,40.7072,-74.0018,B02598
2014-08-01 01:24:00,40.7258,-74.0084,B02598
2014-08-01 01:24:00,40.7181,-73.9936,B02598
2014-08-01 01:24:00,40.6786,-73.9507,B02617
2014-08-01 01:24:00,40.7153,-73.9902,B02617
2014-08-01 01:24:00,40.704,-73.9427,B02617
2014-08-01 01:24:00,40.7219,-73.9963,B02617
2014-08-01 01:24:00,40.7198,-74.0004,B02617
2014-08-01 01:24:00,40.7649,-73.9838,B02617
2014-08-01 01:24:00,40.7499,-73.9836,B02617
2014-08-01 01:24:00,40.7607,-73.9623,B02682
2014-08-01 01:24:00,40.7582,-73.9707,B02682
2014-08-01 01:24:00,40.7261,-74.0428,B02682
2014-08-01 01:25:00,40.7276,-73.994,B02598
2014-08-01 01:25:00,40.7499,-73.9863,B02598
2014-08-01 01:25:00,40.7495,-73.9914,B02617
2014-08-01 01:25:00,40.7256,-74.0077,B02617
2014-08-01 01:25:00,40.7186,-73.9451,B02617
2014-08-01 01:25:00,40.6868,-73.9596,B02682
2014-08-01 01:25:00,40.7504,-73.9946,B02682
2014-08-01 01:25:00,40.734,-74.0005,B02682
2014-08-01 01:25:00,40.7715,-73.9825,B02682
2014-08-01 01:25:00,40.6679,-73.9874,B02682
2014-08-01 01:26:00,40.7177,-73.9577,B02598
2014-08-01 01:26:00,40.7079,-74.0075,B02598
2014-08-01 01:26:00,40.8188,-73.9402,B02617
2014-08-01 01:26:00,40.715,-73.9444,B02617
2014-08-01 01:26:00,40.7422,-74.0046,B02682
2014-08-01 01:27:00,40.7097,-74.0049,B02598
2014-08-01 01:27:00,40.7381,-74.0094,B02598
2014-08-01 01:27:00,40.7213,-73.9935,B02617
2014-08-01 01:27:00,40.7553,-73.9713,B02617
2014-08-01 01:27:00,40.7407,-74.0077,B02617
2014-08-01 01:27:00,40.7596,-73.9758,B02617
2014-08-01 01:27:00,40.7375,-74.0038,B02617
2014-08-01 01:27:00,40.7642,-73.9883,B02617
2014-08-01 01:27:00,40.7405,-73.9982,B02617
2014-08-01 01:27:00,40.7038,-73.9198,B02617
2014-08-01 01:27:00,40.7438,-74.0033,B02682
2014-08-01 01:28:00,40.7139,-73.9942,B02598
2014-08-01 01:28:00,40.746,-73.9885,B02598
2014-08-01 01:28:00,40.714,-73.9898,B02598
2014-08-01 01:28:00,40.7298,-73.9808,B02617
2014-08-01 01:28:00,40.7578,-73.9752,B02617
2014-08-01 01:28:00,40.761,-73.9119,B02617
2014-08-01 01:28:00,40.7632,-73.9923,B02682
2014-08-01 01:28:00,40.9717,-73.7473,B02682
2014-08-01 01:29:00,40.6949,-73.9531,B02598
2014-08-01 01:29:00,40.737,-73.9848,B02598
2014-08-01 01:29:00,40.7474,-74.0287,B02598
2014-08-01 01:29:00,40.7807,-73.9497,B02598
2014-08-01 01:29:00,40.7584,-73.9784,B02617
2014-08-01 01:29:00,40.7425,-74.0042,B02617
2014-08-01 01:29:00,40.6914,-73.9605,B02617
2014-08-01 01:29:00,40.7579,-73.9886,B02682
2014-08-01 01:29:00,40.7626,-73.9718,B02764
2014-08-01 01:30:00,40.7151,-74.0077,B02512
2014-08-01 01:30:00,40.7296,-73.9864,B02598
2014-08-01 01:30:00,40.7311,-73.9601,B02598
2014-08-01 01:30:00,40.7739,-73.9775,B02617
2014-08-01 01:30:00,40.7635,-73.9825,B02617
2014-08-01 01:30:00,40.7402,-73.9996,B02617
2014-08-01 01:30:00,40.7141,-73.9942,B02617
2014-08-01 01:30:00,40.7716,-73.9829,B02682
2014-08-01 01:30:00,40.7844,-73.9473,B02682
2014-08-01 01:30:00,40.7621,-73.9789,B02682
2014-08-01 01:31:00,40.7275,-73.9934,B02598
2014-08-01 01:31:00,40.7177,-73.9579,B02598
2014-08-01 01:31:00,40.7397,-74.0054,B02617
2014-08-01 01:31:00,40.7212,-73.9879,B02617
2014-08-01 01:31:00,40.7607,-73.9948,B02682
2014-08-01 01:32:00,40.7404,-74.0086,B02598
2014-08-01 01:32:00,40.7716,-73.9828,B02598
2014-08-01 01:32:00,40.7165,-74.0002,B02598
2014-08-01 01:32:00,40.7165,-74.0002,B02598
2014-08-01 01:32:00,40.6812,-73.949,B02598
2014-08-01 01:32:00,40.7555,-73.976,B02617
2014-08-01 01:32:00,40.7031,-73.8002,B02617
2014-08-01 01:32:00,40.6786,-73.9587,B02682
2014-08-01 01:33:00,40.7405,-73.989,B02512
2014-08-01 01:33:00,40.7473,-73.9857,B02598
2014-08-01 01:33:00,40.7137,-73.994,B02598
2014-08-01 01:33:00,40.7493,-73.9774,B02598
2014-08-01 01:33:00,40.7264,-73.9877,B02617
2014-08-01 01:33:00,40.7408,-73.9935,B02617
2014-08-01 01:33:00,40.7273,-73.9846,B02617
2014-08-01 01:33:00,40.7551,-73.9837,B02682
2014-08-01 01:34:00,40.7401,-74.0058,B02598
2014-08-01 01:34:00,40.7149,-73.9517,B02598
2014-08-01 01:34:00,40.7592,-73.9725,B02598
2014-08-01 01:34:00,40.7076,-74.004,B02617
2014-08-01 01:34:00,40.7094,-74.0106,B02682
2014-08-01 01:34:00,40.7275,-73.9939,B02682
2014-08-01 01:34:00,40.7239,-73.9509,B02682
2014-08-01 01:35:00,40.7396,-74.002,B02598
2014-08-01 01:35:00,40.6978,-73.9265,B02617
2014-08-01 01:35:00,40.7402,-74.0059,B02617
2014-08-01 01:35:00,40.7654,-73.9193,B02617
2014-08-01 01:35:00,40.8323,-73.8587,B02617
2014-08-01 01:35:00,40.7269,-73.9917,B02617
2014-08-01 01:35:00,40.721,-73.9938,B02682
2014-08-01 01:36:00,40.7637,-73.9739,B02598
2014-08-01 01:36:00,40.7637,-73.9739,B02598
2014-08-01 01:36:00,40.7418,-74.0038,B02617
2014-08-01 01:36:00,40.7152,-74.013,B02617
2014-08-01 01:36:00,40.7152,-74.013,B02617
2014-08-01 01:37:00,40.7202,-73.9888,B02598
2014-08-01 01:37:00,40.731,-73.9821,B02617
2014-08-01 01:37:00,40.772,-73.9828,B02617
2014-08-01 01:37:00,40.7576,-73.9726,B02617
2014-08-01 01:37:00,40.7486,-73.9761,B02682
2014-08-01 01:37:00,40.7222,-73.9574,B02682
2014-08-01 01:38:00,40.8115,-73.954,B02617
2014-08-01 01:38:00,40.6937,-73.9825,B02682
2014-08-01 01:38:00,40.714,-73.994,B02682
2014-08-01 01:38:00,40.7186,-74.0053,B02682
2014-08-01 01:38:00,40.7184,-73.9892,B02682
2014-08-01 01:38:00,40.7606,-73.9614,B02682
2014-08-01 01:39:00,40.7264,-73.992,B02598
2014-08-01 01:39:00,40.7264,-73.992,B02598
2014-08-01 01:39:00,41.0572,-74.1427,B02598
2014-08-01 01:39:00,40.721,-73.979,B02598
2014-08-01 01:39:00,40.7569,-73.9865,B02617
2014-08-01 01:39:00,40.7517,-73.9938,B02617
2014-08-01 01:39:00,40.7222,-73.9589,B02617
2014-08-01 01:39:00,40.7208,-73.9939,B02617
2014-08-01 01:39:00,40.7495,-73.9913,B02617
2014-08-01 01:39:00,40.7618,-73.9603,B02617
2014-08-01 01:39:00,40.6884,-73.9893,B02682
2014-08-01 01:39:00,40.7359,-73.9956,B02682
2014-08-01 01:40:00,40.8077,-73.9549,B02617
2014-08-01 01:40:00,40.7643,-73.9038,B02617
2014-08-01 01:40:00,40.7402,-74.0079,B02617
2014-08-01 01:40:00,40.6335,-73.9495,B02617
2014-08-01 01:40:00,40.7389,-73.9945,B02682
2014-08-01 01:40:00,40.716,-74.0165,B02682
2014-08-01 01:41:00,40.7639,-73.9743,B02512
2014-08-01 01:41:00,40.711,-74.007,B02598
2014-08-01 01:41:00,40.7469,-74.0025,B02617
2014-08-01 01:41:00,40.759,-73.9798,B02682
2014-08-01 01:42:00,40.7649,-73.9846,B02617
2014-08-01 01:43:00,40.7416,-74.0039,B02512
2014-08-01 01:43:00,40.7222,-73.9587,B02598
2014-08-01 01:43:00,40.7399,-74.0054,B02598
2014-08-01 01:43:00,40.7452,-73.9923,B02598
2014-08-01 01:43:00,40.7489,-73.9874,B02617
2014-08-01 01:43:00,40.6947,-73.9066,B02617
2014-08-01 01:43:00,40.7361,-73.9919,B02682
2014-08-01 01:43:00,40.6978,-73.9278,B02682
2014-08-01 01:44:00,40.6878,-74.1821,B02512
2014-08-01 01:44:00,40.6878,-74.1821,B02512
2014-08-01 01:44:00,40.7336,-74.0022,B02598
2014-08-01 01:44:00,40.6326,-73.9329,B02598
2014-08-01 01:44:00,40.7156,-73.9897,B02598
2014-08-01 01:44:00,40.7156,-73.9897,B02598
2014-08-01 01:44:00,40.7333,-73.9971,B02682
2014-08-01 01:44:00,40.7307,-73.993,B02682
2014-08-01 01:44:00,40.7211,-73.9936,B02682
2014-08-01 01:45:00,40.7406,-74.0085,B02598
2014-08-01 01:45:00,40.6393,-73.9984,B02598
2014-08-01 01:45:00,40.7383,-74.0042,B02617
2014-08-01 01:45:00,40.6954,-73.9008,B02617
2014-08-01 01:45:00,40.7625,-73.9709,B02617
2014-08-01 01:45:00,40.7032,-73.9168,B02617
2014-08-01 01:45:00,40.7198,-73.9921,B02617
2014-08-01 01:45:00,40.6816,-73.9578,B02617
2014-08-01 01:45:00,40.756,-73.9125,B02682
2014-08-01 01:45:00,40.8431,-73.943,B02682
2014-08-01 01:46:00,40.7598,-73.9785,B02598
2014-08-01 01:46:00,40.7421,-74.0045,B02598
2014-08-01 01:46:00,40.685,-73.8597,B02598
2014-08-01 01:46:00,40.7212,-73.9937,B02598
2014-08-01 01:46:00,40.7188,-74.005,B02598
2014-08-01 01:46:00,40.7238,-74.0053,B02617
2014-08-01 01:46:00,40.7037,-73.9244,B02617
2014-08-01 01:46:00,40.7197,-74.0052,B02617
2014-08-01 01:46:00,40.741,-74.0079,B02682
2014-08-01 01:46:00,40.7959,-74.4806,B02682
2014-08-01 01:47:00,40.7481,-73.9854,B02617
2014-08-01 01:47:00,40.7142,-73.9959,B02617
2014-08-01 01:48:00,40.7633,-73.9782,B02598
2014-08-01 01:48:00,40.6585,-73.9826,B02598
2014-08-01 01:48:00,40.7422,-73.9848,B02598
2014-08-01 01:48:00,40.7381,-74.0341,B02617
2014-08-01 01:48:00,40.7332,-73.9873,B02617
2014-08-01 01:48:00,40.7246,-73.9817,B02617
2014-08-01 01:48:00,40.8688,-73.9316,B02682
2014-08-01 01:49:00,40.71,-74.0055,B02512
2014-08-01 01:49:00,40.7132,-73.9585,B02512
2014-08-01 01:49:00,40.7421,-73.9971,B02598
2014-08-01 01:49:00,40.749,-74.0069,B02598
2014-08-01 01:49:00,40.7792,-73.9539,B02617
2014-08-01 01:49:00,40.7138,-73.9943,B02617
2014-08-01 01:49:00,40.7607,-73.9874,B02617
2014-08-01 01:49:00,40.7441,-74.0067,B02682
2014-08-01 01:50:00,40.7198,-74.0059,B02598
2014-08-01 01:50:00,40.7415,-74.0048,B02598
2014-08-01 01:50:00,40.7789,-73.9559,B02598
2014-08-01 01:50:00,40.7412,-74.0022,B02598
2014-08-01 01:50:00,40.7433,-73.9841,B02617
2014-08-01 01:51:00,40.7137,-73.9945,B02598
2014-08-01 01:51:00,40.7074,-74.0071,B02617
2014-08-01 01:51:00,40.7211,-73.9937,B02682
2014-08-01 01:51:00,40.74,-74.0054,B02682
2014-08-01 01:51:00,40.7211,-73.9936,B02682
2014-08-01 01:52:00,40.7438,-73.9878,B02598
2014-08-01 01:52:00,40.7552,-73.9842,B02617
2014-08-01 01:52:00,40.7211,-73.9935,B02617
2014-08-01 01:52:00,40.7076,-74.0076,B02682
2014-08-01 01:52:00,40.7223,-73.9971,B02682
2014-08-01 01:52:00,40.7344,-74.0029,B02682
2014-08-01 01:53:00,40.7603,-73.9623,B02617
2014-08-01 01:53:00,40.7219,-73.9579,B02617
2014-08-01 01:53:00,40.7907,-73.9764,B02617
2014-08-01 01:53:00,40.748,-74.0045,B02617
2014-08-01 01:53:00,40.7199,-74.0001,B02682
2014-08-01 01:53:00,40.7047,-74.0116,B02682
2014-08-01 01:53:00,40.7373,-74.0082,B02682
2014-08-01 01:54:00,40.6353,-74.1495,B02598
2014-08-01 01:54:00,40.7626,-73.9852,B02617
2014-08-01 01:54:00,40.744,-74.0066,B02617
2014-08-01 01:54:00,40.7131,-74.0093,B02617
2014-08-01 01:54:00,40.754,-73.9792,B02617
2014-08-01 01:54:00,40.7115,-73.964,B02682
2014-08-01 01:54:00,40.7623,-73.9745,B02764
2014-08-01 01:55:00,40.7703,-73.9685,B02682
2014-08-01 01:55:00,40.7182,-73.9892,B02682
2014-08-01 01:56:00,40.73,-73.9807,B02598
2014-08-01 01:57:00,40.7466,-73.9814,B02598
2014-08-01 01:57:00,40.6608,-73.9975,B02598
2014-08-01 01:57:00,40.7276,-73.9941,B02598
2014-08-01 01:57:00,40.719,-73.9938,B02617
2014-08-01 01:57:00,40.686,-73.9788,B02617
2014-08-01 01:57:00,40.7444,-73.9097,B02617
2014-08-01 01:58:00,40.816,-73.9545,B02617
2014-08-01 01:58:00,40.6759,-74.0165,B02617
2014-08-01 01:58:00,40.6812,-73.9561,B02617
2014-08-01 01:58:00,40.7141,-74.0029,B02682
2014-08-01 01:59:00,40.719,-73.9902,B02598
2014-08-01 01:59:00,40.7425,-73.9925,B02598
2014-08-01 01:59:00,40.7583,-73.9696,B02682
2014-08-01 01:59:00,40.73,-74.004,B02682
2014-08-01 02:00:00,40.7407,-74.0078,B02598
2014-08-01 02:00:00,40.7421,-74.0045,B02598
2014-08-01 02:00:00,40.7529,-73.9701,B02598
2014-08-01 02:00:00,40.7393,-74.0023,B02617
2014-08-01 02:00:00,40.8816,-73.8617,B02617
2014-08-01 02:00:00,40.7064,-73.9319,B02682
2014-08-01 02:00:00,40.7064,-73.9319,B02682
2014-08-01 02:01:00,40.7123,-73.9574,B02598
2014-08-01 02:01:00,40.7339,-73.9778,B02617
2014-08-01 02:01:00,40.766,-73.9519,B02617
2014-08-01 02:01:00,40.835,-73.9452,B02617
2014-08-01 02:01:00,40.7208,-74.0325,B02617
2014-08-01 02:01:00,40.7414,-73.9201,B02617
2014-08-01 02:02:00,40.7766,-73.9453,B02617
2014-08-01 02:02:00,40.7324,-73.9856,B02617
2014-08-01 02:02:00,40.7616,-73.9869,B02617
2014-08-01 02:02:00,40.7444,-73.991,B02617
2014-08-01 02:03:00,40.7676,-73.993,B02617
2014-08-01 02:03:00,40.6462,-73.79,B02617
2014-08-01 02:03:00,40.7318,-73.9839,B02682
2014-08-01 02:03:00,40.7609,-73.9868,B02682
2014-08-01 02:03:00,40.6882,-73.9922,B02682
2014-08-01 02:04:00,40.7878,-73.9772,B02598
2014-08-01 02:04:00,40.7566,-73.9844,B02598
2014-08-01 02:04:00,40.7609,-73.9872,B02598
2014-08-01 02:04:00,40.7252,-73.9817,B02682
2014-08-01 02:04:00,40.7754,-73.984,B02682
2014-08-01 02:05:00,40.7449,-73.9889,B02598
2014-08-01 02:05:00,40.7854,-73.9818,B02617
2014-08-01 02:05:00,40.7186,-74.0104,B02617
2014-08-01 02:05:00,40.7474,-74.0082,B02617
2014-08-01 02:05:00,40.8619,-73.891,B02617
2014-08-01 02:06:00,40.7333,-73.986,B02617
2014-08-01 02:06:00,40.7393,-74.0022,B02617
2014-08-01 02:06:00,40.7371,-74.0427,B02682
2014-08-01 02:06:00,40.7077,-74.0063,B02682
2014-08-01 02:07:00,40.6954,-73.9357,B02598
2014-08-01 02:07:00,40.723,-73.9978,B02617
2014-08-01 02:07:00,40.7158,-74.0037,B02617
2014-08-01 02:07:00,40.7385,-73.9855,B02617
2014-08-01 02:07:00,40.7852,-73.9825,B02617
2014-08-01 02:07:00,40.7071,-73.9324,B02682
2014-08-01 02:07:00,40.7071,-73.9324,B02682
2014-08-01 02:07:00,40.7232,-73.9975,B02682
2014-08-01 02:08:00,40.7138,-73.9941,B02598
2014-08-01 02:08:00,40.7158,-73.96,B02598
2014-08-01 02:08:00,40.722,-73.9585,B02598
2014-08-01 02:08:00,40.7138,-73.9927,B02617
2014-08-01 02:08:00,40.7501,-73.9969,B02617
2014-08-01 02:08:00,40.746,-73.9416,B02617
2014-08-01 02:08:00,40.7234,-74.0063,B02617
2014-08-01 02:08:00,40.748,-73.9403,B02682
2014-08-01 02:08:00,40.7392,-73.9913,B02682
2014-08-01 02:09:00,40.7275,-73.9916,B02598
2014-08-01 02:09:00,40.7663,-73.9704,B02617
2014-08-01 02:09:00,40.8032,-73.9641,B02617
2014-08-01 02:09:00,40.7485,-73.9887,B02682
2014-08-01 02:10:00,40.7691,-73.9561,B02598
2014-08-01 02:10:00,40.723,-74.0027,B02617
2014-08-01 02:10:00,40.8362,-73.9421,B02617
2014-08-01 02:10:00,40.7363,-73.9909,B02617
2014-08-01 02:10:00,40.7566,-73.9892,B02682
2014-08-01 02:10:00,40.7607,-73.9844,B02682
2014-08-01 02:11:00,40.6949,-74.1779,B02512
2014-08-01 02:11:00,40.7616,-73.9843,B02512
2014-08-01 02:11:00,40.7639,-73.9708,B02598
2014-08-01 02:11:00,40.7197,-74.0017,B02598
2014-08-01 02:11:00,40.7657,-73.9135,B02598
2014-08-01 02:11:00,40.7775,-73.979,B02617
2014-08-01 02:11:00,40.7023,-73.9829,B02617
2014-08-01 02:11:00,40.7188,-73.9893,B02682
2014-08-01 02:11:00,40.7291,-73.9892,B02682
2014-08-01 02:11:00,40.6757,-73.9685,B02682
2014-08-01 02:12:00,40.6759,-74.0147,B02598
2014-08-01 02:12:00,40.7138,-73.994,B02617
2014-08-01 02:12:00,40.7195,-73.9932,B02617
2014-08-01 02:12:00,40.7559,-73.9886,B02617
2014-08-01 02:12:00,40.7427,-73.8823,B02617
2014-08-01 02:12:00,40.7427,-73.8823,B02617
2014-08-01 02:12:00,40.7234,-73.9912,B02682
2014-08-01 02:13:00,40.772,-73.9634,B02617
2014-08-01 02:13:00,40.772,-73.9634,B02617
2014-08-01 02:13:00,40.7385,-74.0037,B02617
2014-08-01 02:13:00,40.7169,-74.0124,B02617
2014-08-01 02:13:00,40.644,-74.01,B02682
2014-08-01 02:13:00,40.6957,-73.9377,B02682
2014-08-01 02:14:00,40.6914,-73.9449,B02598
2014-08-01 02:14:00,40.7334,-74.0031,B02617
2014-08-01 02:14:00,40.7041,-73.9341,B02617
2014-08-01 02:14:00,40.7413,-74.0082,B02617
2014-08-01 02:14:00,40.7574,-73.9757,B02682
2014-08-01 02:15:00,40.7166,-74.0149,B02617
2014-08-01 02:15:00,40.7125,-73.9579,B02617
2014-08-01 02:15:00,40.7619,-73.9719,B02617
2014-08-01 02:15:00,40.761,-74.0213,B02617
2014-08-01 02:16:00,40.7564,-73.994,B02598
2014-08-01 02:16:00,40.7075,-74.0039,B02598
2014-08-01 02:16:00,40.7571,-73.9895,B02598
2014-08-01 02:16:00,40.7579,-73.9821,B02598
2014-08-01 02:16:00,40.7214,-73.9879,B02617
2014-08-01 02:16:00,40.7366,-73.9247,B02617
2014-08-01 02:16:00,40.7258,-73.9979,B02617
2014-08-01 02:16:00,40.8257,-73.9508,B02682
2014-08-01 02:16:00,40.6931,-73.907,B02682
2014-08-01 02:16:00,40.7202,-73.9884,B02682
2014-08-01 02:17:00,40.6297,-73.9593,B02617
2014-08-01 02:17:00,40.7638,-73.9883,B02682
2014-08-01 02:17:00,40.7322,-73.9851,B02682
2014-08-01 02:18:00,40.7056,-73.9211,B02598
2014-08-01 02:18:00,40.7291,-73.9888,B02617
2014-08-01 02:18:00,40.7248,-73.9949,B02617
2014-08-01 02:18:00,40.7222,-73.9587,B02682
2014-08-01 02:19:00,40.7198,-74.0015,B02598
2014-08-01 02:19:00,40.709,-73.9957,B02617
2014-08-01 02:19:00,40.7764,-74.0197,B02617
2014-08-01 02:19:00,40.8782,-73.9032,B02617
2014-08-01 02:20:00,40.7419,-74.0039,B02617
2014-08-01 02:20:00,40.8001,-74.4814,B02617
2014-08-01 02:21:00,40.7095,-73.9639,B02598
2014-08-01 02:21:00,40.7135,-73.8822,B02617
2014-08-01 02:22:00,40.7791,-73.947,B02598
2014-08-01 02:22:00,40.7065,-73.932,B02598
2014-08-01 02:22:00,40.7402,-74.0061,B02617
2014-08-01 02:22:00,40.8011,-73.9639,B02617
2014-08-01 02:22:00,40.8031,-73.9447,B02682
2014-08-01 02:23:00,40.797,-73.9379,B02598
2014-08-01 02:23:00,40.7637,-73.979,B02598
2014-08-01 02:23:00,40.6899,-73.98,B02617
2014-08-01 02:23:00,40.6203,-74.0324,B02617
2014-08-01 02:23:00,40.7084,-73.9452,B02617
2014-08-01 02:23:00,40.7049,-73.8292,B02682
2014-08-01 02:23:00,40.7087,-74.011,B02682
2014-08-01 02:24:00,40.7177,-74.0044,B02598
2014-08-01 02:24:00,40.7285,-73.9879,B02617
2014-08-01 02:24:00,40.7882,-73.9804,B02617
2014-08-01 02:24:00,40.7109,-73.96,B02617
2014-08-01 02:24:00,40.7083,-74.0105,B02617
2014-08-01 02:24:00,40.6997,-73.9215,B02617
2014-08-01 02:24:00,40.7405,-74.0045,B02682
2014-08-01 02:24:00,40.7502,-73.9772,B02682
2014-08-01 02:25:00,40.7555,-73.9838,B02512
2014-08-01 02:25:00,40.7947,-73.9721,B02598
2014-08-01 02:25:00,40.7559,-73.9914,B02617
2014-08-01 02:25:00,40.7559,-73.9914,B02617
2014-08-01 02:25:00,40.7139,-74.009,B02682
2014-08-01 02:26:00,40.8413,-73.9427,B02598
2014-08-01 02:26:00,40.7395,-74.0027,B02617
2014-08-01 02:26:00,40.7605,-73.9624,B02617
2014-08-01 02:26:00,40.7439,-74.0071,B02617
2014-08-01 02:26:00,40.7401,-74.0518,B02617
2014-08-01 02:26:00,40.7284,-73.9998,B02617
2014-08-01 02:26:00,40.7078,-74.0062,B02682
2014-08-01 02:26:00,40.7383,-74.0093,B02682
2014-08-01 02:27:00,40.7559,-73.9873,B02682
2014-08-01 02:27:00,40.7448,-73.9917,B02682
2014-08-01 02:27:00,40.7137,-73.9946,B02682
2014-08-01 02:28:00,40.7621,-73.9721,B02617
2014-08-01 02:28:00,40.7265,-74.0471,B02617
2014-08-01 02:28:00,40.7265,-73.9918,B02617
2014-08-01 02:28:00,40.6494,-74.0059,B02682
2014-08-01 02:28:00,40.6466,-73.7897,B02682
2014-08-01 02:29:00,40.7699,-73.9648,B02598
2014-08-01 02:29:00,40.7535,-73.9865,B02617
2014-08-01 02:29:00,40.7221,-74.0031,B02682
2014-08-01 02:29:00,40.7221,-74.0031,B02682
2014-08-01 02:30:00,40.7137,-73.9961,B02512
2014-08-01 02:30:00,40.7471,-73.9855,B02598
2014-08-01 02:30:00,40.7248,-73.9875,B02617
2014-08-01 02:30:00,40.7478,-73.9403,B02617
2014-08-01 02:30:00,40.7554,-73.9836,B02682
2014-08-01 02:31:00,40.764,-73.9733,B02617
2014-08-01 02:31:00,40.7559,-73.9923,B02682
2014-08-01 02:32:00,40.7669,-73.983,B02598
2014-08-01 02:32:00,40.7344,-74.0062,B02682
2014-08-01 02:32:00,40.7217,-73.9451,B02682
2014-08-01 02:32:00,40.7458,-73.9781,B02682
2014-08-01 02:32:00,40.7344,-73.995,B02682
2014-08-01 02:33:00,40.741,-74.0078,B02617
2014-08-01 02:33:00,40.7117,-73.9437,B02617
2014-08-01 02:34:00,40.7106,-73.9873,B02598
2014-08-01 02:34:00,40.7239,-74.0034,B02617
2014-08-01 02:34:00,40.7188,-73.9892,B02617
2014-08-01 02:34:00,40.7435,-74.0036,B02617
2014-08-01 02:34:00,40.7475,-74.0057,B02682
2014-08-01 02:34:00,40.704,-74.0117,B02682
2014-08-01 02:35:00,40.7273,-73.992,B02598
2014-08-01 02:35:00,40.5975,-73.951,B02598
2014-08-01 02:35:00,40.763,-73.9974,B02617
2014-08-01 02:35:00,40.8114,-73.952,B02682
2014-08-01 02:36:00,40.6738,-73.9568,B02617
2014-08-01 02:36:00,40.7887,-73.9669,B02617
2014-08-01 02:36:00,40.7154,-73.9499,B02764
2014-08-01 02:37:00,40.7605,-73.9077,B02617
2014-08-01 02:37:00,40.7605,-73.9077,B02617
2014-08-01 02:37:00,40.7602,-73.9808,B02617
2014-08-01 02:37:00,40.707,-74.008,B02617
2014-08-01 02:37:00,40.7599,-73.9721,B02617
2014-08-01 02:37:00,40.6779,-73.9858,B02617
2014-08-01 02:37:00,40.7175,-73.9965,B02682
2014-08-01 02:38:00,40.6183,-74.0012,B02598
2014-08-01 02:38:00,40.7635,-73.9754,B02598
2014-08-01 02:38:00,40.7438,-73.9951,B02617
2014-08-01 02:38:00,40.7666,-73.9789,B02617
2014-08-01 02:38:00,40.7491,-73.986,B02617
2014-08-01 02:38:00,40.7563,-73.9873,B02617
2014-08-01 02:38:00,40.7623,-73.9718,B02617
2014-08-01 02:38:00,40.9016,-73.8508,B02682
2014-08-01 02:39:00,40.7219,-73.958,B02598
2014-08-01 02:39:00,40.7123,-73.9556,B02598
2014-08-01 02:40:00,40.7271,-74.0021,B02598
2014-08-01 02:40:00,40.7712,-73.9802,B02617
2014-08-01 02:40:00,40.7301,-74.0005,B02617
2014-08-01 02:41:00,40.8226,-73.9479,B02617
2014-08-01 02:41:00,40.7443,-74.0066,B02617
2014-08-01 02:41:00,40.7626,-73.8049,B02617
2014-08-01 02:41:00,40.7549,-73.9681,B02682
2014-08-01 02:42:00,40.7074,-73.9499,B02598
2014-08-01 02:43:00,40.7144,-73.9998,B02598
2014-08-01 02:43:00,40.689,-73.9526,B02617
2014-08-01 02:43:00,40.8513,-73.8443,B02617
2014-08-01 02:43:00,40.7313,-73.9886,B02682
2014-08-01 02:44:00,40.7455,-73.9827,B02598
2014-08-01 02:44:00,40.7336,-73.9899,B02598
2014-08-01 02:44:00,40.7297,-73.9783,B02617
2014-08-01 02:44:00,40.7245,-73.9906,B02617
2014-08-01 02:45:00,40.7288,-73.9859,B02617
2014-08-01 02:45:00,40.7206,-73.9969,B02617
2014-08-01 02:45:00,40.7216,-73.9975,B02617
2014-08-01 02:45:00,40.6864,-73.951,B02617
2014-08-01 02:45:00,40.7963,-73.9721,B02682
2014-08-01 02:45:00,40.7441,-74.0067,B02682
2014-08-01 02:45:00,40.7507,-73.9977,B02682
2014-08-01 02:46:00,40.7559,-73.9777,B02598
2014-08-01 02:46:00,40.7648,-73.99,B02617
2014-08-01 02:46:00,40.7232,-73.9898,B02617
2014-08-01 02:46:00,40.7274,-73.9795,B02617
2014-08-01 02:46:00,40.7761,-73.9531,B02617
2014-08-01 02:46:00,40.7147,-73.9425,B02682
2014-08-01 02:47:00,40.7233,-73.9988,B02598
2014-08-01 02:47:00,40.7642,-73.9546,B02598
2014-08-01 02:47:00,40.7412,-73.979,B02617
2014-08-01 02:48:00,40.7547,-73.9686,B02512
2014-08-01 02:48:00,40.6504,-74.0143,B02598
2014-08-01 02:48:00,40.7649,-73.9822,B02617
2014-08-01 02:49:00,40.7317,-74.0011,B02598
2014-08-01 02:49:00,40.6811,-73.978,B02617
2014-08-01 02:49:00,40.7274,-74.0053,B02682
2014-08-01 02:49:00,40.7072,-74.0045,B02682
2014-08-01 02:50:00,40.7608,-73.9804,B02598
2014-08-01 02:50:00,40.6945,-73.9932,B02598
2014-08-01 02:50:00,40.7138,-73.957,B02617
2014-08-01 02:50:00,40.7071,-74.0077,B02682
2014-08-01 02:51:00,40.7514,-74.0033,B02598
2014-08-01 02:51:00,40.7286,-73.9803,B02598
2014-08-01 02:51:00,40.8122,-73.9302,B02617
2014-08-01 02:52:00,40.7261,-73.9919,B02598
2014-08-01 02:52:00,40.7753,-73.9905,B02682
2014-08-01 02:52:00,40.6866,-73.9921,B02682
2014-08-01 02:53:00,40.7581,-73.9996,B02512
2014-08-01 02:53:00,40.6802,-73.9495,B02598
2014-08-01 02:53:00,40.8122,-73.955,B02617
2014-08-01 02:53:00,40.7248,-73.9923,B02682
2014-08-01 02:53:00,40.9078,-73.7811,B02682
2014-08-01 02:54:00,40.7352,-73.9918,B02598
2014-08-01 02:54:00,40.8019,-73.9655,B02617
2014-08-01 02:54:00,40.7548,-73.9688,B02617
2014-08-01 02:54:00,40.7315,-73.9889,B02617
2014-08-01 02:54:00,40.6729,-73.9635,B02617
2014-08-01 02:54:00,40.7136,-74.0068,B02682
2014-08-01 02:55:00,40.7111,-74.0171,B02598
2014-08-01 02:55:00,40.722,-73.9964,B02617
2014-08-01 02:55:00,40.7228,-73.9971,B02617
2014-08-01 02:56:00,40.7214,-73.9938,B02512
2014-08-01 02:56:00,40.7295,-73.9873,B02598
2014-08-01 02:56:00,40.7044,-74.009,B02598
2014-08-01 02:56:00,40.7158,-74.0111,B02598
2014-08-01 02:56:00,40.7345,-73.9949,B02617
2014-08-01 02:56:00,40.7598,-73.9725,B02617
2014-08-01 02:56:00,40.7377,-73.9957,B02682
2014-08-01 02:57:00,40.7408,-74.0076,B02682
2014-08-01 02:57:00,40.7284,-73.9994,B02682
2014-08-01 02:58:00,40.7497,-73.9922,B02598
2014-08-01 02:58:00,40.7329,-73.9859,B02617
2014-08-01 02:58:00,40.7195,-74.0049,B02617
2014-08-01 02:58:00,40.6986,-73.936,B02617
2014-08-01 02:58:00,40.7301,-73.9555,B02682
2014-08-01 02:59:00,40.7211,-73.9878,B02512
2014-08-01 02:59:00,40.7166,-73.9455,B02682
2014-08-01 02:59:00,40.7166,-73.9455,B02682
2014-08-01 03:00:00,40.6678,-73.9905,B02598
2014-08-01 03:00:00,40.7441,-74.0067,B02617
2014-08-01 03:00:00,40.7273,-73.9916,B02617
2014-08-01 03:00:00,40.8662,-73.96,B02617
2014-08-01 03:00:00,40.7255,-73.9896,B02617
2014-08-01 03:00:00,40.7438,-74.0071,B02682
2014-08-01 03:00:00,40.6839,-73.967,B02682
2014-08-01 03:01:00,40.7279,-73.9822,B02598
2014-08-01 03:01:00,40.7402,-73.9992,B02617
2014-08-01 03:01:00,40.7626,-73.7705,B02617
2014-08-01 03:01:00,40.7143,-73.9615,B02682
2014-08-01 03:01:00,40.7645,-73.9883,B02682
2014-08-01 03:02:00,40.7441,-74.0067,B02617
2014-08-01 03:02:00,40.762,-73.9706,B02617
2014-08-01 03:02:00,40.6881,-73.9788,B02682
2014-08-01 03:03:00,40.7563,-73.9923,B02512
2014-08-01 03:03:00,40.7248,-73.9946,B02598
2014-08-01 03:03:00,40.7313,-73.9888,B02617
2014-08-01 03:04:00,40.7192,-73.9933,B02617
2014-08-01 03:04:00,40.7068,-74.0071,B02682
2014-08-01 03:04:00,40.7205,-73.9562,B02682
2014-08-01 03:05:00,40.7372,-74.0022,B02512
2014-08-01 03:05:00,40.7487,-73.9871,B02617
2014-08-01 03:05:00,40.7231,-73.9975,B02617
2014-08-01 03:06:00,40.7481,-73.985,B02598
2014-08-01 03:06:00,40.7579,-73.966,B02617
2014-08-01 03:06:00,40.7516,-74.0032,B02617
2014-08-01 03:06:00,40.761,-73.9694,B02682
2014-08-01 03:06:00,40.7293,-73.9455,B02682
2014-08-01 03:07:00,40.7836,-73.9734,B02617
2014-08-01 03:07:00,40.7164,-73.988,B02617
2014-08-01 03:07:00,40.7369,-74.0054,B02682
2014-08-01 03:08:00,40.7354,-73.9919,B02598
2014-08-01 03:08:00,40.7065,-73.9227,B02682
2014-08-01 03:09:00,40.8345,-73.94,B02598
2014-08-01 03:09:00,40.6727,-73.9768,B02598
2014-08-01 03:09:00,40.7473,-73.9772,B02598
2014-08-01 03:09:00,40.7444,-74.0075,B02617
2014-08-01 03:10:00,40.9115,-73.7781,B02598
2014-08-01 03:10:00,40.7433,-73.9852,B02617
2014-08-01 03:10:00,40.7218,-73.9877,B02617
2014-08-01 03:10:00,40.7188,-73.9862,B02617
2014-08-01 03:10:00,40.7442,-74.0066,B02682
2014-08-01 03:10:00,40.7326,-74.002,B02682
2014-08-01 03:10:00,40.8121,-73.9304,B02682
2014-08-01 03:11:00,40.7341,-74.0065,B02598
2014-08-01 03:11:00,40.7709,-73.9568,B02598
2014-08-01 03:11:00,40.758,-73.9851,B02617
2014-08-01 03:11:00,40.7202,-73.9633,B02617
2014-08-01 03:11:00,40.7202,-73.9633,B02617
2014-08-01 03:11:00,40.6841,-73.968,B02617
2014-08-01 03:12:00,40.7399,-73.9825,B02598
2014-08-01 03:12:00,40.7595,-73.9871,B02598
2014-08-01 03:12:00,40.7709,-73.9537,B02617
2014-08-01 03:12:00,40.7217,-73.958,B02682
2014-08-01 03:12:00,40.7217,-73.958,B02682
2014-08-01 03:13:00,40.7397,-73.9901,B02598
2014-08-01 03:13:00,40.7055,-74.0078,B02598
2014-08-01 03:13:00,40.7355,-73.9757,B02598
2014-08-01 03:13:00,40.7759,-73.9534,B02617
2014-08-01 03:13:00,40.7759,-73.9534,B02617
2014-08-01 03:13:00,40.7481,-73.9898,B02682
2014-08-01 03:14:00,40.7672,-73.9668,B02512
2014-08-01 03:14:00,40.7833,-73.9729,B02598
2014-08-01 03:14:00,40.7827,-73.9812,B02598
2014-08-01 03:14:00,40.719,-73.9899,B02617
2014-08-01 03:14:00,40.7611,-73.9782,B02617
2014-08-01 03:14:00,40.7416,-73.9882,B02617
2014-08-01 03:14:00,40.7203,-73.9883,B02617
2014-08-01 03:14:00,40.6519,-73.9381,B02682
2014-08-01 03:14:00,40.6777,-73.9559,B02682
2014-08-01 03:14:00,40.7167,-73.9926,B02682
2014-08-01 03:15:00,40.739,-73.9196,B02617
2014-08-01 03:15:00,40.7434,-73.9921,B02617
2014-08-01 03:15:00,40.7417,-74.0047,B02617
2014-08-01 03:15:00,40.722,-73.9769,B02617
2014-08-01 03:15:00,40.7339,-73.9911,B02617
2014-08-01 03:15:00,40.741,-74.0019,B02682
2014-08-01 03:16:00,40.6751,-73.9708,B02598
2014-08-01 03:16:00,40.7576,-73.9892,B02682
2014-08-01 03:16:00,40.7599,-73.9879,B02682
2014-08-01 03:16:00,40.7187,-73.9884,B02682
2014-08-01 03:17:00,40.697,-73.9351,B02617
2014-08-01 03:17:00,40.7024,-73.9419,B02682
2014-08-01 03:17:00,40.7262,-73.9522,B02682
2014-08-01 03:18:00,40.7753,-73.9804,B02598
2014-08-01 03:18:00,40.6911,-73.9465,B02598
2014-08-01 03:18:00,40.677,-73.9986,B02598
2014-08-01 03:18:00,40.7558,-73.9685,B02617
2014-08-01 03:18:00,40.7558,-73.9935,B02617
2014-08-01 03:18:00,40.7332,-73.9752,B02682
2014-08-01 03:18:00,40.6502,-74.0142,B02682
2014-08-01 03:19:00,40.8111,-73.9414,B02598
2014-08-01 03:19:00,40.755,-73.9836,B02598
2014-08-01 03:19:00,40.7104,-73.9881,B02617
2014-08-01 03:19:00,40.7211,-73.9935,B02617
2014-08-01 03:19:00,40.7424,-73.9239,B02617
2014-08-01 03:20:00,40.7332,-73.9535,B02617
2014-08-01 03:20:00,40.7564,-73.9943,B02617
2014-08-01 03:21:00,40.7589,-73.986,B02682
2014-08-01 03:22:00,40.741,-74.0055,B02598
2014-08-01 03:22:00,40.714,-74.0094,B02598
2014-08-01 03:22:00,40.7387,-74.0078,B02617
2014-08-01 03:22:00,40.6963,-73.9236,B02617
2014-08-01 03:23:00,40.8685,-73.924,B02598
2014-08-01 03:23:00,40.7511,-73.9349,B02617
2014-08-01 03:23:00,40.7283,-73.9996,B02617
2014-08-01 03:23:00,40.8527,-73.933,B02617
2014-08-01 03:23:00,40.7043,-73.9116,B02617
2014-08-01 03:23:00,40.7354,-74.0043,B02682
2014-08-01 03:23:00,40.7767,-73.9144,B02682
2014-08-01 03:24:00,40.702,-73.9298,B02617
2014-08-01 03:24:00,40.718,-74.0047,B02682
2014-08-01 03:25:00,40.7383,-73.9969,B02598
2014-08-01 03:25:00,40.7163,-73.9615,B02598
2014-08-01 03:25:00,40.7642,-73.9923,B02598
2014-08-01 03:25:00,40.7617,-73.9749,B02598
2014-08-01 03:25:00,40.7986,-73.935,B02617
2014-08-01 03:25:00,40.7717,-73.9491,B02617
2014-08-01 03:25:00,40.7331,-73.9886,B02682
2014-08-01 03:25:00,40.7717,-73.9592,B02682
2014-08-01 03:26:00,40.7208,-73.9974,B02512
2014-08-01 03:26:00,40.7539,-73.9717,B02598
2014-08-01 03:26:00,40.7088,-73.9429,B02617
2014-08-01 03:26:00,40.7343,-73.9989,B02617
2014-08-01 03:26:00,40.7841,-73.9834,B02682
2014-08-01 03:26:00,40.7356,-73.9756,B02682
2014-08-01 03:26:00,40.7567,-73.9904,B02682
2014-08-01 03:26:00,40.693,-73.9891,B02682
2014-08-01 03:27:00,40.7329,-74.0044,B02598
2014-08-01 03:27:00,40.7794,-73.9754,B02598
2014-08-01 03:27:00,40.7659,-73.9884,B02617
2014-08-01 03:27:00,40.7324,-74.0077,B02617
2014-08-01 03:27:00,40.7107,-73.9461,B02617
2014-08-01 03:27:00,40.6919,-73.9547,B02682
2014-08-01 03:27:00,40.7272,-73.984,B02682
2014-08-01 03:28:00,40.7436,-73.9943,B02512
2014-08-01 03:28:00,40.7418,-74.0054,B02512
2014-08-01 03:28:00,40.8101,-73.9412,B02598
2014-08-01 03:28:00,40.8475,-73.9407,B02598
2014-08-01 03:28:00,40.8195,-73.9376,B02617
2014-08-01 03:28:00,40.738,-74.0003,B02617
2014-08-01 03:28:00,40.7363,-74.0015,B02617
2014-08-01 03:28:00,40.72,-73.9795,B02682
2014-08-01 03:29:00,40.7766,-73.9767,B02617
2014-08-01 03:29:00,40.6806,-73.983,B02617
2014-08-01 03:29:00,40.7225,-73.9877,B02617
2014-08-01 03:29:00,40.7517,-73.9849,B02682
2014-08-01 03:29:00,40.7873,-73.9719,B02682
2014-08-01 03:29:00,40.6865,-73.9906,B02682
2014-08-01 03:29:00,40.7441,-74.0069,B02682
2014-08-01 03:29:00,40.7439,-74.0069,B02682
2014-08-01 03:30:00,40.7442,-74.0068,B02598
2014-08-01 03:30:00,40.744,-73.9973,B02598
2014-08-01 03:30:00,40.702,-73.75,B02617
2014-08-01 03:30:00,40.7457,-73.9901,B02682
2014-08-01 03:30:00,40.7433,-73.977,B02682
2014-08-01 03:31:00,40.7568,-73.998,B02598
2014-08-01 03:31:00,40.696,-73.9337,B02598
2014-08-01 03:31:00,40.7299,-74.0006,B02617
2014-08-01 03:31:00,40.8289,-73.9412,B02682
2014-08-01 03:32:00,40.7444,-74.0065,B02617
2014-08-01 03:32:00,40.7625,-73.9571,B02617
2014-08-01 03:32:00,40.7147,-73.9556,B02617
2014-08-01 03:32:00,40.7803,-73.9516,B02617
2014-08-01 03:33:00,40.7259,-73.9835,B02512
2014-08-01 03:33:00,40.7162,-73.9488,B02598
2014-08-01 03:33:00,40.7408,-74.0051,B02617
2014-08-01 03:33:00,40.7496,-73.9795,B02617
2014-08-01 03:33:00,40.7182,-73.8349,B02617
2014-08-01 03:33:00,40.7561,-73.9729,B02617
2014-08-01 03:33:00,40.7422,-73.9989,B02617
2014-08-01 03:33:00,40.7109,-74.016,B02617
2014-08-01 03:34:00,40.7309,-73.9931,B02598
2014-08-01 03:34:00,40.717,-74.0321,B02617
2014-08-01 03:34:00,40.7382,-73.9906,B02682
2014-08-01 03:34:00,40.7354,-74.0054,B02682
2014-08-01 03:35:00,40.7284,-73.855,B02617
2014-08-01 03:35:00,40.7218,-73.992,B02617
2014-08-01 03:35:00,40.7474,-73.9894,B02617
2014-08-01 03:36:00,40.7511,-73.9823,B02512
2014-08-01 03:36:00,40.7201,-73.9937,B02598
2014-08-01 03:36:00,40.72,-73.9843,B02598
2014-08-01 03:36:00,40.7287,-73.9878,B02598
2014-08-01 03:36:00,40.7354,-73.9925,B02598
2014-08-01 03:36:00,40.7837,-73.9754,B02598
2014-08-01 03:36:00,40.7247,-73.9766,B02598
2014-08-01 03:36:00,40.7731,-73.948,B02617
2014-08-01 03:36:00,40.7304,-73.9799,B02617
2014-08-01 03:36:00,40.6834,-73.9966,B02682
2014-08-01 03:37:00,40.7552,-73.9942,B02598
2014-08-01 03:37:00,40.7325,-74.0092,B02617
2014-08-01 03:37:00,40.7969,-73.9609,B02682
2014-08-01 03:37:00,40.6197,-74.0217,B02682
2014-08-01 03:37:00,40.7225,-73.9831,B02682
2014-08-01 03:37:00,40.7225,-73.9831,B02682
2014-08-01 03:38:00,40.7637,-73.9911,B02598
2014-08-01 03:38:00,40.6908,-73.9964,B02617
2014-08-01 03:38:00,40.7519,-73.9986,B02617
2014-08-01 03:38:00,40.7216,-73.9452,B02682
2014-08-01 03:39:00,40.7647,-73.9586,B02512
2014-08-01 03:39:00,40.7493,-73.9843,B02617
2014-08-01 03:39:00,40.6975,-73.9887,B02682
2014-08-01 03:39:00,40.8232,-73.9452,B02682
2014-08-01 03:39:00,40.7089,-73.921,B02682
2014-08-01 03:40:00,40.792,-73.9413,B02598
2014-08-01 03:40:00,40.792,-73.9413,B02598
2014-08-01 03:40:00,40.7121,-73.9637,B02598
2014-08-01 03:40:00,40.7375,-73.9534,B02617
2014-08-01 03:40:00,40.7747,-73.9839,B02617
2014-08-01 03:40:00,40.7801,-73.9501,B02617
2014-08-01 03:40:00,40.8547,-73.9818,B02617
2014-08-01 03:40:00,40.7042,-74.0081,B02682
2014-08-01 03:41:00,40.776,-73.9529,B02598
2014-08-01 03:41:00,40.6351,-73.9257,B02598
2014-08-01 03:41:00,40.7645,-73.9256,B02598
2014-08-01 03:41:00,40.7045,-73.926,B02617
2014-08-01 03:41:00,40.7713,-73.9518,B02617
2014-08-01 03:41:00,40.8173,-73.9346,B02617
2014-08-01 03:41:00,40.681,-73.9297,B02617
2014-08-01 03:41:00,40.7301,-73.9893,B02682
2014-08-01 03:42:00,40.6535,-73.9498,B02598
2014-08-01 03:42:00,40.7307,-73.9954,B02598
2014-08-01 03:42:00,40.6398,-73.8823,B02617
2014-08-01 03:42:00,40.8617,-74.4125,B02617
2014-08-01 03:42:00,40.7752,-73.9769,B02617
2014-08-01 03:42:00,40.7445,-73.9985,B02617
2014-08-01 03:42:00,40.6827,-73.997,B02682
2014-08-01 03:43:00,40.7589,-73.9941,B02512
2014-08-01 03:43:00,40.7079,-74.0071,B02617
2014-08-01 03:44:00,40.7036,-73.9164,B02617
2014-08-01 03:44:00,40.7192,-73.9629,B02617
2014-08-01 03:44:00,40.7436,-73.9731,B02617
2014-08-01 03:44:00,40.7609,-73.9965,B02682
2014-08-01 03:44:00,40.7506,-73.9455,B02764
2014-08-01 03:45:00,40.7748,-73.9889,B02682
2014-08-01 03:45:00,40.7546,-73.9738,B02682
2014-08-01 03:45:00,40.7429,-73.9947,B02682
2014-08-01 03:46:00,40.7374,-74.0065,B02598
2014-08-01 03:46:00,40.7644,-73.9694,B02617
2014-08-01 03:46:00,40.8023,-73.9582,B02682
2014-08-01 03:46:00,40.7443,-74.0067,B02682
2014-08-01 03:46:00,40.745,-74.0061,B02682
2014-08-01 03:46:00,40.762,-73.9849,B02682
2014-08-01 03:47:00,40.7606,-73.9826,B02598
2014-08-01 03:47:00,40.7851,-73.979,B02598
2014-08-01 03:47:00,40.7237,-74.0109,B02598
2014-08-01 03:47:00,40.7518,-74.0039,B02617
2014-08-01 03:47:00,40.7488,-73.9945,B02682
2014-08-01 03:48:00,40.744,-74.0068,B02598
2014-08-01 03:48:00,40.7283,-73.982,B02617
2014-08-01 03:48:00,40.7697,-73.9582,B02617
2014-08-01 03:48:00,40.7697,-73.9582,B02617
2014-08-01 03:48:00,40.7124,-73.9638,B02617
2014-08-01 03:48:00,40.7123,-73.9661,B02682
2014-08-01 03:49:00,40.7639,-73.9956,B02598
2014-08-01 03:49:00,40.7407,-74.0005,B02598
2014-08-01 03:49:00,40.722,-74.0027,B02598
2014-08-01 03:49:00,40.7474,-74.0035,B02617
2014-08-01 03:49:00,40.7441,-74.0068,B02617
2014-08-01 03:49:00,40.7322,-73.9968,B02617
2014-08-01 03:49:00,40.7268,-73.9873,B02682
2014-08-01 03:49:00,40.7858,-73.9766,B02764
2014-08-01 03:50:00,40.7919,-73.9674,B02598
2014-08-01 03:50:00,40.7587,-73.9852,B02617
2014-08-01 03:50:00,40.8713,-73.9187,B02617
2014-08-01 03:50:00,40.7459,-73.9182,B02617
2014-08-01 03:50:00,40.7477,-74.0039,B02617
2014-08-01 03:50:00,40.7312,-73.9822,B02682
2014-08-01 03:51:00,40.7593,-73.9642,B02598
2014-08-01 03:51:00,40.7244,-74.0042,B02598
2014-08-01 03:51:00,40.7155,-73.9905,B02598
2014-08-01 03:51:00,40.7961,-73.9615,B02598
2014-08-01 03:51:00,40.7437,-73.9753,B02617
2014-08-01 03:51:00,40.6834,-73.9609,B02617
2014-08-01 03:51:00,40.8242,-73.926,B02617
2014-08-01 03:51:00,40.7462,-74.0052,B02617
2014-08-01 03:51:00,40.696,-73.968,B02682
2014-08-01 03:51:00,40.7464,-73.9939,B02682
2014-08-01 03:51:00,40.7905,-73.9734,B02682
2014-08-01 03:52:00,40.8277,-74.0673,B02598
2014-08-01 03:52:00,40.7956,-73.9425,B02617
2014-08-01 03:53:00,40.7184,-73.9872,B02512
2014-08-01 03:53:00,40.7101,-74.0046,B02617
2014-08-01 03:53:00,40.7646,-73.984,B02682
2014-08-01 03:54:00,40.6471,-73.9986,B02598
2014-08-01 03:54:00,40.7466,-73.9938,B02598
2014-08-01 03:54:00,40.7986,-73.9611,B02617
2014-08-01 03:54:00,40.7579,-73.9892,B02682
2014-08-01 03:54:00,40.7653,-73.9678,B02682
2014-08-01 03:55:00,40.7138,-73.9943,B02512
2014-08-01 03:55:00,40.7402,-74.0023,B02598
2014-08-01 03:55:00,40.7821,-73.9601,B02598
2014-08-01 03:55:00,40.7494,-73.9882,B02617
2014-08-01 03:55:00,40.7898,-73.9424,B02617
2014-08-01 03:55:00,40.6859,-73.9642,B02617
2014-08-01 03:55:00,40.7527,-73.9794,B02682
2014-08-01 03:56:00,40.7247,-74.0019,B02598
2014-08-01 03:56:00,40.7827,-73.9729,B02617
2014-08-01 03:56:00,40.7338,-74.0009,B02617
2014-08-01 03:56:00,40.726,-73.9521,B02682
2014-08-01 03:56:00,40.7589,-73.9796,B02682
2014-08-01 03:57:00,40.7778,-73.9796,B02512
2014-08-01 03:57:00,40.7031,-73.9181,B02598
2014-08-01 03:57:00,40.7418,-74.0071,B02598
2014-08-01 03:57:00,40.7694,-73.9598,B02598
2014-08-01 03:57:00,40.7903,-74.0004,B02617
2014-08-01 03:57:00,40.6907,-73.9318,B02682
2014-08-01 03:58:00,40.7249,-73.9814,B02598
2014-08-01 03:58:00,40.7801,-73.983,B02598
2014-08-01 03:58:00,40.8577,-73.887,B02598
2014-08-01 03:58:00,40.707,-73.825,B02617
2014-08-01 03:58:00,40.7463,-73.984,B02617
2014-08-01 03:59:00,40.7582,-73.9897,B02598
2014-08-01 03:59:00,40.6933,-73.9737,B02598
2014-08-01 03:59:00,40.713,-73.9522,B02617
2014-08-01 03:59:00,40.7433,-74.0016,B02617
2014-08-01 03:59:00,40.7443,-74.0068,B02682
2014-08-01 04:00:00,40.6589,-73.8804,B02598
2014-08-01 04:00:00,40.7496,-73.9794,B02598
2014-08-01 04:00:00,40.7989,-73.9383,B02598
2014-08-01 04:00:00,40.7989,-73.9383,B02598
2014-08-01 04:00:00,40.7205,-74.0054,B02598
2014-08-01 04:00:00,40.7712,-73.9896,B02598
2014-08-01 04:00:00,40.7603,-73.9669,B02617
2014-08-01 04:00:00,40.6956,-73.9301,B02617
2014-08-01 04:00:00,40.7312,-74.0098,B02682
2014-08-01 04:00:00,40.6912,-73.9924,B02682
2014-08-01 04:00:00,40.742,-74.0041,B02682
2014-08-01 04:01:00,40.7259,-73.9904,B02617
2014-08-01 04:01:00,40.6846,-73.967,B02617
2014-08-01 04:01:00,40.755,-73.9735,B02617
2014-08-01 04:01:00,40.7021,-73.9899,B02682
2014-08-01 04:01:00,40.7203,-73.955,B02682
2014-08-01 04:02:00,40.7478,-74.0004,B02598
2014-08-01 04:02:00,40.7364,-73.982,B02617
2014-08-01 04:02:00,40.6459,-73.7766,B02682
2014-08-01 04:03:00,40.7944,-73.9662,B02512
2014-08-01 04:03:00,40.7595,-73.9954,B02598
2014-08-01 04:03:00,40.7265,-73.9891,B02598
2014-08-01 04:03:00,40.7388,-74.0072,B02617
2014-08-01 04:03:00,40.7997,-73.9717,B02617
2014-08-01 04:03:00,40.6855,-73.9185,B02617
2014-08-01 04:04:00,40.7561,-73.9824,B02617
2014-08-01 04:04:00,40.7586,-73.9731,B02617
2014-08-01 04:04:00,40.7239,-73.8064,B02617
2014-08-01 04:04:00,40.7539,-73.9713,B02617
2014-08-01 04:05:00,40.7347,-73.9844,B02598
2014-08-01 04:05:00,40.757,-73.9195,B02598
2014-08-01 04:05:00,40.6768,-73.9491,B02598
2014-08-01 04:05:00,40.6912,-73.9041,B02617
2014-08-01 04:05:00,40.7415,-73.9778,B02617
2014-08-01 04:05:00,40.7335,-74.0076,B02682
2014-08-01 04:05:00,40.7459,-73.8777,B02682
2014-08-01 04:05:00,40.7201,-73.997,B02682
2014-08-01 04:06:00,40.7643,-73.9958,B02512
2014-08-01 04:06:00,40.7328,-74.0426,B02598
2014-08-01 04:07:00,40.7181,-73.8401,B02598
2014-08-01 04:07:00,40.7453,-73.9941,B02598
2014-08-01 04:07:00,40.7084,-74.0066,B02598
2014-08-01 04:07:00,40.7396,-73.9809,B02617
2014-08-01 04:07:00,40.771,-73.9632,B02617
2014-08-01 04:07:00,40.8197,-73.9468,B02682
2014-08-01 04:07:00,40.8338,-73.9259,B02764
2014-08-01 04:08:00,40.7678,-73.9119,B02598
2014-08-01 04:08:00,40.7444,-74.0067,B02598
2014-08-01 04:08:00,40.691,-73.9454,B02598
2014-08-01 04:08:00,40.7563,-73.9945,B02598
2014-08-01 04:08:00,40.752,-73.9691,B02598
2014-08-01 04:08:00,40.7208,-73.985,B02617
2014-08-01 04:08:00,40.7708,-73.984,B02617
2014-08-01 04:08:00,40.7518,-73.9757,B02682
2014-08-01 04:08:00,40.7427,-73.9926,B02682
2014-08-01 04:08:00,40.7255,-74.0056,B02682
2014-08-01 04:09:00,40.7083,-73.9417,B02598
2014-08-01 04:09:00,40.7375,-73.9902,B02617
2014-08-01 04:09:00,40.7525,-73.9858,B02682
2014-08-01 04:10:00,40.6928,-73.9729,B02598
2014-08-01 04:10:00,40.6544,-73.9618,B02617
2014-08-01 04:10:00,40.7269,-73.989,B02617
2014-08-01 04:10:00,40.7592,-73.9728,B02617
2014-08-01 04:10:00,40.7346,-73.9834,B02617
2014-08-01 04:10:00,40.7092,-74.0113,B02617
2014-08-01 04:10:00,40.7438,-74.0064,B02617
2014-08-01 04:10:00,40.7662,-73.9909,B02682
2014-08-01 04:10:00,40.748,-73.9472,B02682
2014-08-01 04:11:00,40.7667,-73.9889,B02598
2014-08-01 04:11:00,40.7486,-73.9849,B02617
2014-08-01 04:11:00,40.7737,-73.893,B02617
2014-08-01 04:11:00,40.6849,-73.9542,B02617
2014-08-01 04:11:00,40.7225,-74.0106,B02682
2014-08-01 04:11:00,40.7394,-73.9881,B02682
2014-08-01 04:12:00,40.8072,-73.9674,B02512
2014-08-01 04:12:00,40.728,-73.982,B02598
2014-08-01 04:12:00,40.7166,-74.0023,B02617
2014-08-01 04:12:00,40.7124,-73.9516,B02617
2014-08-01 04:12:00,40.6786,-73.9488,B02617
2014-08-01 04:12:00,40.7539,-73.9857,B02617
2014-08-01 04:12:00,40.7595,-73.9857,B02682
2014-08-01 04:12:00,40.7077,-74.0092,B02682
2014-08-01 04:12:00,40.7077,-74.0092,B02682
2014-08-01 04:12:00,40.7194,-73.9645,B02682
2014-08-01 04:12:00,40.7708,-73.961,B02764
2014-08-01 04:13:00,40.9021,-73.9074,B02598
2014-08-01 04:13:00,40.6461,-73.7768,B02617
2014-08-01 04:13:00,40.7159,-73.9505,B02617
2014-08-01 04:13:00,40.7257,-73.9946,B02617
2014-08-01 04:13:00,40.761,-73.9697,B02617
2014-08-01 04:14:00,40.727,-73.9911,B02617
2014-08-01 04:14:00,40.7272,-73.9923,B02617
2014-08-01 04:14:00,40.7461,-73.9447,B02617
2014-08-01 04:14:00,40.7855,-73.9501,B02617
2014-08-01 04:14:00,40.7396,-73.9808,B02617
2014-08-01 04:14:00,40.6456,-73.7767,B02682
2014-08-01 04:15:00,40.7253,-74.0024,B02598
2014-08-01 04:15:00,40.7442,-73.9937,B02617
2014-08-01 04:15:00,40.646,-73.7768,B02617
2014-08-01 04:15:00,40.7265,-74.1531,B02617
2014-08-01 04:15:00,40.7791,-73.9487,B02617
2014-08-01 04:15:00,40.7472,-73.9795,B02682
2014-08-01 04:16:00,40.7748,-73.991,B02512
2014-08-01 04:16:00,40.7621,-73.9719,B02512
2014-08-01 04:16:00,40.8273,-73.9412,B02598
2014-08-01 04:16:00,40.7309,-74.0053,B02617
2014-08-01 04:16:00,40.7265,-73.9485,B02617
2014-08-01 04:16:00,40.7439,-74.0045,B02682
2014-08-01 04:16:00,40.7451,-74.006,B02682
2014-08-01 04:16:00,40.7001,-73.9224,B02682
2014-08-01 04:16:00,40.7439,-74.0064,B02682
2014-08-01 04:17:00,40.7288,-73.9952,B02598
2014-08-01 04:17:00,40.7172,-74.0048,B02598
2014-08-01 04:17:00,40.728,-73.9862,B02617
2014-08-01 04:17:00,40.6949,-74.1779,B02617
2014-08-01 04:17:00,40.7685,-73.9695,B02682
2014-08-01 04:17:00,40.7633,-73.7754,B02682
2014-08-01 04:17:00,40.7419,-73.9811,B02682
2014-08-01 04:17:00,40.7289,-73.9808,B02682
2014-08-01 04:18:00,40.7322,-73.9569,B02598
2014-08-01 04:18:00,40.7054,-74.0172,B02617
2014-08-01 04:18:00,40.747,-73.99,B02617
2014-08-01 04:18:00,40.7615,-73.9988,B02617
2014-08-01 04:18:00,40.8073,-73.9646,B02617
2014-08-01 04:18:00,40.7565,-73.9729,B02682
2014-08-01 04:19:00,40.7822,-73.9598,B02512
2014-08-01 04:19:00,40.7738,-73.9558,B02598
2014-08-01 04:19:00,40.792,-73.9682,B02598
2014-08-01 04:19:00,40.6824,-74.0001,B02617
2014-08-01 04:19:00,40.7552,-73.9688,B02617
2014-08-01 04:19:00,40.6461,-73.7768,B02682
2014-08-01 04:20:00,40.6841,-73.9239,B02682
2014-08-01 04:20:00,40.7076,-73.9493,B02682
2014-08-01 04:20:00,40.7478,-74.0374,B02682
2014-08-01 04:21:00,40.7564,-73.9682,B02512
2014-08-01 04:21:00,40.734,-73.9759,B02598
2014-08-01 04:21:00,40.715,-73.9898,B02598
2014-08-01 04:21:00,40.7471,-73.9793,B02617
2014-08-01 04:21:00,40.7364,-73.8665,B02617
2014-08-01 04:21:00,40.7335,-73.9975,B02764
2014-08-01 04:22:00,40.73,-73.9856,B02598
2014-08-01 04:22:00,40.7185,-73.9497,B02598
2014-08-01 04:22:00,40.7544,-73.9992,B02617
2014-08-01 04:23:00,40.7348,-74.0004,B02512
2014-08-01 04:23:00,40.7291,-74.0331,B02598
2014-08-01 04:23:00,40.7192,-74.0038,B02598
2014-08-01 04:23:00,40.7651,-73.9828,B02598
2014-08-01 04:23:00,40.7135,-73.959,B02617
2014-08-01 04:23:00,40.7708,-73.9537,B02617
2014-08-01 04:23:00,40.726,-73.9921,B02617
2014-08-01 04:23:00,40.7229,-73.9945,B02617
2014-08-01 04:23:00,40.728,-74,B02617
2014-08-01 04:23:00,40.7517,-73.9707,B02617
2014-08-01 04:23:00,40.6461,-73.7768,B02682
2014-08-01 04:23:00,40.7578,-73.9676,B02682
2014-08-01 04:24:00,40.7443,-73.9804,B02598
2014-08-01 04:24:00,40.7466,-73.9743,B02598
2014-08-01 04:24:00,40.7443,-73.9804,B02598
2014-08-01 04:24:00,40.712,-74.0066,B02617
2014-08-01 04:24:00,40.7584,-73.9631,B02617
2014-08-01 04:24:00,40.7318,-74.0083,B02617
2014-08-01 04:24:00,40.7125,-73.9658,B02617
2014-08-01 04:25:00,40.7614,-73.9996,B02598
2014-08-01 04:25:00,40.8434,-73.9416,B02598
2014-08-01 04:25:00,40.7451,-73.9947,B02598
2014-08-01 04:25:00,40.7158,-74.004,B02598
2014-08-01 04:25:00,40.7663,-73.957,B02617
2014-08-01 04:25:00,40.6919,-73.9475,B02617
2014-08-01 04:25:00,40.7679,-73.9916,B02682
2014-08-01 04:25:00,40.7997,-73.9639,B02682
2014-08-01 04:25:00,40.7777,-73.9087,B02682
2014-08-01 04:26:00,40.7562,-73.9769,B02617
2014-08-01 04:26:00,40.7483,-73.989,B02617
2014-08-01 04:26:00,40.7741,-73.9492,B02682
2014-08-01 04:27:00,40.7733,-73.9667,B02512
2014-08-01 04:27:00,40.7387,-73.9995,B02617
2014-08-01 04:27:00,40.7265,-74.0034,B02617
2014-08-01 04:27:00,40.7191,-73.9871,B02682
2014-08-01 04:28:00,40.8375,-73.9433,B02598
2014-08-01 04:28:00,40.7501,-73.9727,B02598
2014-08-01 04:28:00,40.7749,-73.991,B02598
2014-08-01 04:28:00,40.7815,-73.9846,B02598
2014-08-01 04:28:00,40.7728,-73.9667,B02617
2014-08-01 04:28:00,40.7439,-73.9734,B02617
2014-08-01 04:28:00,40.8072,-73.9539,B02617
2014-08-01 04:28:00,40.7649,-73.9588,B02617
2014-08-01 04:28:00,40.7819,-73.9772,B02617
2014-08-01 04:28:00,40.6996,-73.9227,B02682
2014-08-01 04:28:00,40.7654,-73.9799,B02682
2014-08-01 04:28:00,40.7316,-73.9829,B02682
2014-08-01 04:28:00,40.7884,-73.953,B02764
2014-08-01 04:29:00,40.7278,-73.9491,B02617
2014-08-01 04:29:00,40.6956,-74.1801,B02617
2014-08-01 04:29:00,40.6456,-73.7766,B02617
2014-08-01 04:29:00,40.7481,-73.9821,B02617
2014-08-01 04:29:00,40.7621,-73.9791,B02617
2014-08-01 04:29:00,40.7119,-73.9632,B02682
2014-08-01 04:29:00,40.6928,-73.9451,B02682
2014-08-01 04:29:00,40.7537,-73.9837,B02682
2014-08-01 04:29:00,40.7154,-74.0136,B02682
2014-08-01 04:30:00,40.7577,-73.9746,B02512
2014-08-01 04:30:00,40.7643,-73.9789,B02598
2014-08-01 04:30:00,40.715,-74.0158,B02598
2014-08-01 04:30:00,40.8433,-73.9393,B02598
2014-08-01 04:30:00,40.7672,-73.9845,B02598
2014-08-01 04:30:00,40.7239,-73.9488,B02617
2014-08-01 04:30:00,40.7968,-73.6567,B02682
2014-08-01 04:30:00,40.7923,-73.9742,B02682
